feature,importance
YYYY,0.0
FIPS_Combined,1.5052487455310574e-06
GEO.id2,2.9312203230583586e-06
HC01_VC03,0.00032105847806509477
HC02_VC03,0.13766824142558165
HC03_VC03,1.3547794446106842e-05
HC01_VC04,7.4826978753331766e-06
HC02_VC04,0.006022756874636798
HC03_VC04,6.2287596230163165e-06
HC04_VC04,6.797154897131881e-06
HC01_VC05,0.004328316592772249
HC02_VC05,4.74455247617665e-05
HC03_VC05,1.2013256169886585e-05
HC04_VC05,2.1977398406070057e-06
HC01_VC06,0.00014282415828216922
HC02_VC06,2.060407861734104e-06
HC03_VC06,0.0022229389343687133
HC04_VC06,2.6392364415328823e-05
HC01_VC07,1.0654225134306014e-05
HC02_VC07,3.9735102191400925e-06
HC03_VC07,0.014923234695784063
HC04_VC07,8.008498966728898e-07
HC01_VC08,0.0033607239289333095
HC02_VC08,2.654727232761234e-05
HC03_VC08,4.698237547788677e-06
HC04_VC08,6.817886033037203e-07
HC01_VC09,4.98620768965423e-06
HC02_VC09,0.0001399945235231414
HC03_VC09,3.147106597557337e-05
HC04_VC09,2.206151893268915e-06
HC01_VC10,0.0014583862713499064
HC02_VC10,0.00028317704722108296
HC03_VC10,0.014925427733699126
HC04_VC10,1.010255312597796e-05
HC01_VC11,0.14165630004854082
HC02_VC11,0.008275980203633853
HC03_VC11,0.0003563053529380638
HC04_VC11,5.532066390582885e-06
HC01_VC12,3.913548641140285e-05
HC02_VC12,0.0688307484279833
HC03_VC12,4.8398145329409134e-06
HC04_VC12,4.5781818441221644e-06
HC01_VC13,5.9942559575109004e-05
HC02_VC13,0.07176977511372035
HC03_VC13,6.440506059784108e-06
HC04_VC13,5.859197847228992e-07
HC01_VC14,1.223923098749894e-06
HC02_VC14,4.499007763886927e-07
HC03_VC14,1.2579185921130933e-06
HC04_VC14,8.197630947868672e-06
HC01_VC17,3.104949336950599e-07
HC02_VC17,5.5377099721983284e-05
HC03_VC17,4.1513063981526574e-06
HC04_VC17,2.466219009652607e-08
HC01_VC18,1.3574764210506028e-05
HC02_VC18,2.2256753663808293e-06
HC03_VC18,5.015457280600765e-07
HC04_VC18,0.0001419598589386402
HC01_VC21,1.138233014504193e-07
HC02_VC21,2.058108789011913e-06
HC01_VC22,1.4819888080375401e-05
HC02_VC22,2.7379497969331884e-06
HC01_VC26,4.9578805182243146e-08
HC02_VC26,1.8514094701806095e-05
HC03_VC26,1.8124984678705138e-06
HC01_VC27,7.405049097600903e-07
HC02_VC27,0.1377110178602023
HC03_VC27,3.84519662041181e-07
HC04_VC27,5.814901452904502e-07
HC01_VC28,1.6916329641053785e-06
HC02_VC28,5.657657623900069e-05
HC03_VC28,0.004974234536750961
HC04_VC28,1.5407750782678324e-07
HC01_VC29,8.483609477547269e-09
HC02_VC29,2.6221974790470985e-08
HC03_VC29,1.2223524216780336e-05
HC04_VC29,6.661820770113976e-07
HC01_VC30,8.47476406046267e-06
HC02_VC30,3.940829375652892e-05
HC03_VC30,5.505047807530694e-06
HC04_VC30,9.520593484574514e-06
HC01_VC31,1.1891936660521707e-05
HC02_VC31,0.011241975762751965
HC03_VC31,2.9776286891752688e-06
HC04_VC31,4.5966635464872167e-07
HC01_VC32,7.392138966067533e-06
HC02_VC32,3.407377397595443e-06
HC03_VC32,0.0005325791962136868
HC04_VC32,1.967041791666091e-06
HC01_VC36,4.4756124595634005e-05
HC03_VC36,0.0009683281437958994
HC01_VC37,9.147966283098553e-06
HC02_VC37,1.7497022917595385e-05
HC03_VC37,1.8015131671333206e-05
HC04_VC37,3.880838612013696e-06
HC01_VC38,1.197899027098807e-07
HC02_VC38,9.46130329631794e-06
HC03_VC38,2.5859329934445646e-06
HC04_VC38,4.02844826285675e-05
HC01_VC39,0.0001243768373964047
HC02_VC39,3.6054529707169794e-06
HC03_VC39,2.055682007151711e-06
HC04_VC39,1.5514657232338428e-07
HC01_VC40,1.7298002953378044e-06
HC02_VC40,4.245123914540105e-05
HC03_VC40,0.00010454703581118628
HC04_VC40,7.1923649663512325e-06
HC01_VC41,0.004417563089941364
HC02_VC41,6.430901844545126e-07
HC03_VC41,0.00014405011515917636
HC04_VC41,1.2863634162978213e-07
HC01_VC43,1.1954859253966008e-06
HC03_VC43,1.2513786267380375e-07
HC01_VC44,5.2815021813899504e-05
HC02_VC44,0.00013183892054000035
HC03_VC44,1.60360705564043e-06
HC04_VC44,1.3780874189947908e-07
HC01_VC45,3.5556222663229905e-05
HC02_VC45,1.3807850477149416e-05
HC03_VC45,4.376433665580092e-06
HC04_VC45,0.002414421186980922
HC01_VC46,0.00040939475197577255
HC02_VC46,1.4802969725450068e-07
HC03_VC46,2.7644991116027235e-06
HC04_VC46,4.884792672149403e-07
HC01_VC47,8.438851076841552e-06
HC02_VC47,7.574504525445995e-07
HC03_VC47,0.00019559267979209335
HC04_VC47,1.971888567612067e-05
HC01_VC48,4.5564834123051045e-05
HC02_VC48,1.526845708725623e-05
HC03_VC48,0.0004237174111024697
HC04_VC48,0.0003084140783580098
HC01_VC62,0.01133915959776783
HC02_VC62,6.841224988424289e-05
HC03_VC62,9.480493072611468e-06
HC01_VC63,0.0003423978938355089
HC02_VC63,0.017011242734314074
HC03_VC63,3.3830486385849524e-05
HC04_VC63,2.81961470990822e-07
HC01_VC65,0.00015434743608705494
HC02_VC65,1.6136422949545422e-05
HC03_VC65,1.7202782510670995e-06
HC04_VC65,4.99669834685409e-07
HC01_VC66,0.0018306067221802922
HC02_VC66,3.834337870989749e-06
HC03_VC66,0.0002088342890445825
HC04_VC66,3.953021352967255e-06
HC01_VC67,6.513759160245104e-05
HC02_VC67,0.0002164067300037261
HC03_VC67,0.00040129272151806576
HC04_VC67,4.7067109751263086e-05
HC01_VC68,0.012635914665826243
HC02_VC68,0.001845527370376083
HC03_VC68,2.079971409317423e-06
HC04_VC68,1.2699779913694987e-05
HC01_VC70,0.0003745966335092466
HC02_VC70,0.008535167804525715
HC03_VC70,1.7896386130995565e-05
HC01_VC71,0.07173467850685772
HC02_VC71,0.007797807295627205
HC01_VC72,0.008938190535837066
HC02_VC72,7.096458531687552e-08
HC01_VC76,4.958960449003433e-05
HC02_VC76,3.394849971779369e-05
HC03_VC76,0.0032160664215636742
HC01_VC77,1.0313107316294887e-06
HC02_VC77,0.0029252938321323017
HC03_VC77,2.235561650888708e-05
HC04_VC77,1.837820920876948e-05
HC01_VC78,1.618304103431639e-05
HC02_VC78,2.2162892664409134e-06
HC03_VC78,1.1737846557341517e-05
HC04_VC78,4.6060625498971613e-07
HC01_VC79,7.322156884741144e-06
HC02_VC79,1.828549534542231e-06
HC03_VC79,7.018299516573867e-05
HC04_VC79,3.1008768961096775e-06
HC01_VC80,0.0001537849993292256
HC02_VC80,3.773804065634605e-06
HC03_VC80,0.00018632023104103525
HC04_VC80,1.4738706768131448e-06
HC01_VC81,9.975409515417392e-07
HC02_VC81,2.7882463302332896e-08
HC03_VC81,7.414804243062903e-05
HC04_VC81,4.8020168685415e-05
HC01_VC85,6.52032497633194e-06
HC03_VC85,1.7368345001566934e-07
HC01_VC86,1.2001235914743574e-05
HC02_VC86,3.228752396841753e-05
HC03_VC86,8.347071273543784e-07
HC04_VC86,2.309236640640942e-05
HC01_VC87,0.00030035430269329227
HC02_VC87,0.0003261369738588205
HC03_VC87,2.301167490381085e-06
HC04_VC87,5.177958758588662e-09
HC01_VC88,1.0990955284640278e-07
HC02_VC88,3.104642467057674e-07
HC03_VC88,8.723493116899362e-07
HC04_VC88,0.00026576607451316367
HC01_VC89,6.41063335678544e-06
HC02_VC89,4.1725481159817106e-05
HC03_VC89,4.960472342085697e-06
HC04_VC89,1.3871696122994216e-05
HC01_VC90,1.0951077914221573e-07
HC02_VC90,1.6118890691274595e-05
HC03_VC90,0.00011507877572820481
HC04_VC90,2.3137397531740543e-06
HC01_VC91,1.7673996248473533e-05
HC02_VC91,5.497930609892582e-06
HC03_VC91,2.2079874328014038e-09
HC04_VC91,3.8956216860679585e-05
HC01_VC92,0.000205095913099554
HC02_VC92,3.0098253404505173e-06
HC03_VC92,2.6176460915167004e-06
HC04_VC92,2.8923193616941315e-05
HC03_VC95,0.00032744458528105363
HC04_VC95,2.0422993922511015e-05
HC03_VC96,2.4671415539017412e-05
HC04_VC96,9.74560352779488e-06
HC01_VC100,8.194423159754128e-05
HC02_VC100,0.00018342244740632405
HC03_VC100,0.0006581518930277994
HC01_VC101,1.2790471881342386e-05
HC02_VC101,4.0727632825463464e-05
HC03_VC101,1.0868830139478038e-05
HC04_VC101,5.7856323564545655e-06
HC01_VC105,5.750686524505266e-05
HC02_VC105,1.8510798183358727e-05
HC03_VC105,0.0004278597100236932
HC01_VC106,0.014958514926694463
HC02_VC106,0.0741626115318568
HC03_VC106,1.3616204647885362e-05
HC04_VC106,5.788845628225979e-07
HC01_VC108,1.0777896555637733e-05
HC02_VC108,6.958070360811415e-06
HC03_VC108,1.0803831701529784e-06
HC01_VC109,0.004514535975291913
HC02_VC109,3.60653491987149e-06
HC03_VC109,4.8174641508536616e-05
HC04_VC109,4.491035014985298e-07
HC01_VC111,0.00011547935770442395
HC02_VC111,3.864532386319781e-05
HC03_VC111,3.860747572190246e-06
HC01_VC112,2.306976867115613e-06
HC02_VC112,4.489992918048289e-06
HC03_VC112,7.136891444571943e-07
HC04_VC112,6.775917612787023e-08
HC01_VC114,2.992573460610279e-07
HC02_VC114,2.0828316292294904e-05
HC03_VC114,2.6188139363160377e-06
HC01_VC115,1.6031520559667073e-07
HC02_VC115,6.661064586953621e-05
HC03_VC115,2.8200035604548786e-06
HC04_VC115,4.282421945347371e-07
HC01_VC119,2.499262189620585e-08
HC02_VC119,4.744320955108063e-07
HC03_VC119,3.982564457840396e-07
HC01_VC120,1.0070756623250994e-06
HC02_VC120,2.529774036392217e-06
HC03_VC120,8.424036963741453e-07
HC04_VC120,4.088726867758669e-07
HC01_VC121,6.690092627452179e-05
HC02_VC121,9.504139758705188e-06
HC03_VC121,1.4295648284907139e-07
HC04_VC121,4.875733469252606e-05
HC01_VC122,1.0747055942710427e-05
HC02_VC122,4.648813478187195e-05
HC03_VC122,3.656105068498234e-06
HC04_VC122,1.7913257184187293e-05
HC01_VC123,2.1557627280945137e-05
HC02_VC123,1.822324572800384e-07
HC03_VC123,2.0406136966036454e-06
HC04_VC123,3.204774563373344e-06
HC01_VC124,3.367680567657323e-05
HC02_VC124,5.642844394400814e-05
HC03_VC124,1.3320329412529415e-06
HC04_VC124,0.00014283292961958256
HC01_VC125,3.902225687293332e-06
HC02_VC125,4.3981147228028534e-08
HC03_VC125,0.0009583810228686139
HC04_VC125,2.2323078637171456e-06
HC01_VC126,1.690046851857832e-05
HC02_VC126,1.579941182449656e-06
HC03_VC126,1.2886626951983399e-06
HC04_VC126,2.1503955107104275e-06
HC01_VC130,7.339321281569175e-07
HC03_VC130,1.9764722530612966e-05
HC01_VC131,0.00016710352532748896
HC02_VC131,1.4074963655961655e-07
HC03_VC131,4.2019452663750916e-05
HC04_VC131,0.0001509651459953634
HC01_VC132,7.727501639844682e-07
HC02_VC132,2.2135312654395298e-07
HC03_VC132,4.291263467889121e-06
HC04_VC132,1.606934128057295e-05
HC01_VC133,2.6366335091405556e-05
HC02_VC133,0.0007326169615442214
HC03_VC133,6.284564979294511e-07
HC04_VC133,1.7320255483646388e-05
HC01_VC134,4.745054565483201e-06
HC02_VC134,2.1694978556708057e-06
HC03_VC134,1.3829627505836461e-05
HC04_VC134,4.084031523356375e-06
HC01_VC135,8.96886743253078e-06
HC02_VC135,1.794506218986789e-08
HC03_VC135,2.8378213950965e-07
HC04_VC135,4.199407515169633e-08
HC01_VC136,0.0001439049017859507
HC02_VC136,1.8211146165665423e-06
HC03_VC136,3.233686756829787e-07
HC04_VC136,0.00014056280661802048
HC01_VC140,2.4904591494888118e-05
HC02_VC140,1.1771751069203386e-06
HC03_VC140,2.3117640082747824e-07
HC01_VC141,8.279926901582248e-06
HC02_VC141,3.1686173209222255e-05
HC03_VC141,0.00018887854797077468
HC04_VC141,2.9052079579459856e-06
HC01_VC142,1.8776137433770023e-06
HC02_VC142,4.290914324017721e-05
HC03_VC142,0.0012878250979638437
HC04_VC142,3.538637166603735e-07
HC01_VC146,5.0783402595843585e-06
HC02_VC146,1.323472139806296e-05
HC03_VC146,3.5351279823317507e-07
HC01_VC149,0.0028654004053871992
HC02_VC149,4.2398891603258065e-05
HC03_VC149,4.14568098710333e-06
HC01_VC150,1.3151416513453323e-06
HC02_VC150,0.00020010965714761022
HC01_VC151,0.00012887088923823129
HC02_VC151,9.850274401483019e-08
HC01_VC154,1.1482411331861066e-07
HC02_VC154,4.335490354388999e-05
HC03_VC154,2.013013679699354e-06
HC01_VC155,1.6642612068110348e-05
HC02_VC155,0.01121552420160942
HC03_VC155,2.8287013362052533e-06
HC04_VC155,2.2819002676670795e-06
HC01_VC156,4.0359074951060605e-08
HC02_VC156,2.1372782761800985e-06
HC03_VC156,0.0024233569119392457
HC04_VC156,1.944119304271008e-05
HC01_VC160,3.4404868007654096e-07
HC02_VC160,1.927994002446793e-07
HC03_VC160,0.011217378738953076
HC01_VC161,9.069187004887108e-06
HC02_VC161,3.676572162878465e-05
HC03_VC161,0.00021209471118115866
HC04_VC161,1.5559109037535576e-06
HC01_VC162,0.00019359620567483757
HC02_VC162,1.7371665978590688e-06
HC03_VC162,5.162711208816748e-06
HC04_VC162,5.33084334574215e-05
HC01_VC163,3.343862154496206e-05
HC02_VC163,1.7317138722494504e-06
HC03_VC163,1.0704491662648929e-05
HC04_VC163,0.0001340755328714567
HC01_VC164,4.301855458277752e-06
HC02_VC164,1.2382145479964434e-05
HC03_VC164,1.141866919450024e-06
HC04_VC164,0.015348024157966572
HC01_VC165,3.1806026466053577e-06
HC02_VC165,4.973904955246714e-07
HC03_VC165,6.103734240747005e-05
HC04_VC165,2.3230259929151268e-05
HC01_VC166,6.673830262646935e-07
HC02_VC166,5.800850271675397e-07
HC03_VC166,1.1978113387348284e-05
HC04_VC166,4.015807838854664e-06
HC01_VC170,1.7524463042941115e-05
HC03_VC170,6.435669648063004e-06
HC01_VC171,1.52940367606893e-06
HC02_VC171,1.1160382736864688e-05
HC03_VC171,2.349322365234234e-06
HC04_VC171,1.2239507709876764e-05
HC01_VC172,8.67092907955608e-07
HC02_VC172,1.4171059695115917e-06
HC03_VC172,1.2351180242098988e-06
HC04_VC172,6.973801898563883e-05
HC01_VC173,9.6506277648167e-07
HC02_VC173,8.96232406875164e-06
HC03_VC173,7.499562761400118e-06
HC04_VC173,2.841582781352708e-05
HC01_VC174,4.181748030349281e-07
HC02_VC174,6.240047443283215e-06
HC03_VC174,9.30828041907102e-05
HC04_VC174,5.730918638566746e-05
HC01_VC175,1.270713541200194e-05
HC02_VC175,1.8246354806515702e-06
HC03_VC175,5.809626527250952e-06
HC04_VC175,1.238105588658086e-07
HC01_VC176,1.4104479094990602e-05
HC02_VC176,3.654949589002237e-05
HC03_VC176,0.002409202879490059
HC04_VC176,1.6237018033875493e-05
HC01_VC177,2.399899423339145e-09
HC02_VC177,0.00018273521038376952
HC03_VC177,2.3553560172923103e-07
HC04_VC177,7.29269483289456e-06
HC01_VC178,2.4455882612420016e-06
HC02_VC178,5.798795130814938e-07
HC03_VC178,4.630564505575599e-06
HC04_VC178,7.469218669895343e-06
HC01_VC179,2.2612218163235483e-05
HC02_VC179,1.5733340636174208e-06
HC03_VC179,0.014093005699634769
HC04_VC179,2.721199759849218e-07
HC01_VC180,4.67998507145658e-07
HC02_VC180,1.52824765065441e-05
HC03_VC180,9.757475497561375e-05
HC04_VC180,2.0286891299391993e-07
HC01_VC181,7.3812951980984935e-06
HC02_VC181,6.9630636885171685e-06
HC03_VC181,0.00011240974867122483
HC04_VC181,5.142143302231448e-05
HC01_VC185,0.0027279356615070023
HC03_VC185,4.078022972916636e-06
HC01_VC186,7.4033956916705865e-06
HC02_VC186,1.0394265157832549e-06
HC03_VC186,2.4858280495821223e-05
HC04_VC186,2.599486793245389e-06
HC01_VC187,3.406515020714825e-05
HC02_VC187,6.839875791394728e-05
HC03_VC187,3.0310036175177508e-06
HC04_VC187,1.4333762835266973e-05
HC01_VC188,2.1642775882392467e-05
HC02_VC188,0.00018363249863667016
HC03_VC188,4.776869769062537e-05
HC04_VC188,6.702945653021348e-06
HC01_VC189,1.0387428596725188e-06
HC02_VC189,2.561072517538056e-05
HC03_VC189,2.099256222702039e-05
HC04_VC189,3.196536466305585e-06
HC01_VC190,1.977684891022788e-05
HC02_VC190,0.002416954393815937
HC03_VC190,8.673270202847582e-06
HC04_VC190,0.0001461693375402894
HC01_VC191,5.235153911475151e-06
HC02_VC191,9.026017067756123e-06
HC03_VC191,4.614534774119728e-07
HC04_VC191,0.0010882417301367067
HC01_VC192,1.4397184487799508e-05
HC02_VC192,4.289142978304476e-06
HC03_VC192,3.971886445598834e-06
HC04_VC192,4.3591107307513335e-05
HC01_VC193,1.4729606741338514e-05
HC02_VC193,9.063777947400983e-06
HC03_VC193,4.03247941936144e-05
HC04_VC193,0.00011660809134165851
HC01_VC194,8.023079423326712e-07
HC02_VC194,7.039918802068658e-06
HC03_VC194,8.85514189174356e-07
HC04_VC194,2.321905063965782e-05
HC01_VC195,0.0019081140068497107
HC02_VC195,9.582993053820374e-06
HC03_VC195,7.306729662379076e-07
HC04_VC195,8.135200472481321e-05
HC01_VC196,0.0009303836236781487
HC02_VC196,0.00022966373959648826
HC03_VC196,8.156894306781035e-08
HC04_VC196,0.0005446510323098594
HC01_VC197,0.0009301986080996123
HC02_VC197,0.0001677412412376933
HC03_VC197,2.0310566590279014e-05
HC04_VC197,2.6966253534829374e-05
HC01_VC198,2.656237654179507e-07
HC02_VC198,1.8471064135815324e-05
HC03_VC198,5.615043314746384e-06
HC04_VC198,2.0069415476688826e-07
HC01_VC199,5.548509921013482e-05
HC02_VC199,4.179790280537887e-05
HC03_VC199,3.095184141888164e-05
HC04_VC199,1.8420159837475984e-05
HC01_VC200,0.00016130743889294642
HC02_VC200,2.681062150795802e-07
HC03_VC200,1.1967785707814861e-05
HC04_VC200,1.010549573532521e-05
HC01_VC201,2.0206793138367354e-05
HC02_VC201,2.1750761723100204e-05
HC03_VC201,1.5250480338549545e-06
HC04_VC201,5.889620304438639e-07
HC01_VC202,5.356006655017114e-05
HC02_VC202,0.00299114698056301
HC03_VC202,0.00017481283048662895
HC04_VC202,9.404557235550675e-08
HC01_VC203,2.167194330503283e-05
HC02_VC203,2.60737220459977e-05
HC03_VC203,2.3956246369800204e-05
HC04_VC203,3.6276121755389404e-05
HC01_VC204,1.4748276082093726e-06
HC02_VC204,3.110835696948392e-06
HC03_VC204,0.00012553129608482676
HC04_VC204,2.220222062953459e-06
HC01_VC205,0.0001730291725511739
HC02_VC205,1.0274695590367033e-06
HC03_VC205,3.877449487811508e-06
HC04_VC205,1.4699122931749449e-05
HC01_VC206,4.382082450088178e-05
HC02_VC206,2.9966664559189156e-05
HC03_VC206,1.9788759183651406e-06
HC04_VC206,1.6220926129531843e-05
HC01_VC207,3.053815964158784e-05
HC02_VC207,2.2541338157562464e-06
HC03_VC207,1.978762677439487e-06
HC04_VC207,1.751607975147034e-07
HC01_VC208,1.4604314455971102e-06
HC02_VC208,7.869280296764845e-07
HC03_VC208,0.011213314525043257
HC04_VC208,2.5084976507329503e-06
HC01_VC209,7.905901146555019e-07
HC02_VC209,3.980574182267011e-05
HC03_VC209,1.0620129684705711e-10
HC04_VC209,9.724415751499968e-06
HC01_VC210,5.946810491940491e-05
HC02_VC210,5.1063402894130976e-05
HC03_VC210,4.8762132624443984e-05
HC04_VC210,8.231616458156465e-05
HC01_VC211,1.8082540966924103e-05
HC02_VC211,9.541011564355251e-05
HC03_VC211,1.1305489034617635e-06
HC04_VC211,3.1948991280474825e-05
HC01_VC212,6.822730176362626e-06
HC02_VC212,1.9059399005259407e-05
HC03_VC212,7.174122598836782e-06
HC04_VC212,1.2028035414515884e-05
COUNTY_ACCOMACK,0.0
COUNTY_ADAIR,0.0
COUNTY_ADAMS,0.0
COUNTY_ALBEMARLE,0.0
COUNTY_ALEXANDRIA CITY,0.0
COUNTY_ALLEGHANY,0.0
COUNTY_ALLEGHENY,0.0
COUNTY_ALLEN,0.0
COUNTY_AMELIA,9.366402223795663e-07
COUNTY_AMHERST,0.0
COUNTY_ANDERSON,0.0
COUNTY_APPOMATTOX,0.0
COUNTY_ARLINGTON,0.0
COUNTY_ARMSTRONG,0.0
COUNTY_ASHLAND,0.0
COUNTY_ASHTABULA,0.0
COUNTY_ATHENS,0.0
COUNTY_AUGLAIZE,0.0
COUNTY_AUGUSTA,0.0
COUNTY_BALLARD,0.0
COUNTY_BARBOUR,0.0
COUNTY_BARREN,0.0
COUNTY_BATH,0.0
COUNTY_BEAVER,0.0
COUNTY_BEDFORD,0.0
COUNTY_BEDFORD CITY,0.0
COUNTY_BELL,0.0
COUNTY_BELMONT,0.0
COUNTY_BERKELEY,0.0
COUNTY_BERKS,0.0
COUNTY_BLAIR,0.0
COUNTY_BLAND,0.0
COUNTY_BOONE,0.0
COUNTY_BOTETOURT,0.0
COUNTY_BOURBON,0.0
COUNTY_BOYD,0.0
COUNTY_BOYLE,0.0
COUNTY_BRACKEN,0.0
COUNTY_BRADFORD,0.0
COUNTY_BRAXTON,0.0
COUNTY_BREATHITT,0.0
COUNTY_BRECKINRIDGE,0.0
COUNTY_BRISTOL,0.0
COUNTY_BROOKE,0.0
COUNTY_BROWN,0.0
COUNTY_BRUNSWICK,0.0
COUNTY_BUCHANAN,0.0
COUNTY_BUCKINGHAM,0.0
COUNTY_BUCKS,0.0
COUNTY_BUENA VISTA CITY,1.4147703693892042e-07
COUNTY_BULLITT,0.0
COUNTY_BUTLER,0.0
COUNTY_CABELL,0.0
COUNTY_CALDWELL,0.0
COUNTY_CALLOWAY,0.0
COUNTY_CAMBRIA,0.0
COUNTY_CAMERON,0.0
COUNTY_CAMPBELL,1.4925891095558897e-05
COUNTY_CARBON,0.0
COUNTY_CAROLINE,0.0
COUNTY_CARROLL,0.0
COUNTY_CARTER,1.9999161861159115e-08
COUNTY_CASEY,0.0
COUNTY_CENTRE,0.0
COUNTY_CHAMPAIGN,0.0
COUNTY_CHARLES CITY,0.0
COUNTY_CHARLOTTE,6.304608751650293e-10
COUNTY_CHARLOTTESVILLE CITY,0.0
COUNTY_CHESAPEAKE CITY,0.0
COUNTY_CHESTER,0.0
COUNTY_CHESTERFIELD,0.0
COUNTY_CHRISTIAN,0.0
COUNTY_CLARION,0.0
COUNTY_CLARK,0.0
COUNTY_CLARKE,0.0
COUNTY_CLAY,0.0
COUNTY_CLEARFIELD,0.0
COUNTY_CLERMONT,0.0
COUNTY_CLINTON,0.0
COUNTY_COLONIAL HEIGHTS CITY,1.0558252561110738e-06
COUNTY_COLUMBIA,0.0
COUNTY_COLUMBIANA,0.0
COUNTY_COSHOCTON,0.0
COUNTY_CRAIG,0.0
COUNTY_CRAWFORD,1.3180623273577988e-05
COUNTY_CRITTENDEN,0.0
COUNTY_CULPEPER,0.0
COUNTY_CUMBERLAND,0.0
COUNTY_CUYAHOGA,0.0
COUNTY_DANVILLE CITY,0.0
COUNTY_DARKE,0.0
COUNTY_DAUPHIN,0.0
COUNTY_DAVIESS,0.0
COUNTY_DEFIANCE,1.2718879214042395e-05
COUNTY_DELAWARE,0.0
COUNTY_DICKENSON,1.591776111688055e-07
COUNTY_DINWIDDIE,0.0
COUNTY_DODDRIDGE,0.0
COUNTY_EDMONSON,0.0
COUNTY_ELK,0.0
COUNTY_ELLIOTT,0.0
COUNTY_EMPORIA CITY,0.0
COUNTY_ERIE,0.0
COUNTY_ESSEX,0.0
COUNTY_ESTILL,0.0
COUNTY_FAIRFAX,0.0
COUNTY_FAIRFAX CITY,0.0
COUNTY_FAIRFIELD,0.0
COUNTY_FALLS CHURCH CITY,0.0
COUNTY_FAUQUIER,8.816856652783116e-08
COUNTY_FAYETTE,0.0
COUNTY_FLEMING,0.0
COUNTY_FLOYD,0.0
COUNTY_FLUVANNA,0.0
COUNTY_FRANKLIN,0.0
COUNTY_FRANKLIN CITY,0.0
COUNTY_FREDERICK,0.0
COUNTY_FREDERICKSBURG CITY,0.0
COUNTY_FULTON,0.0
COUNTY_GALAX CITY,0.0
COUNTY_GALLATIN,0.0
COUNTY_GALLIA,0.0
COUNTY_GARRARD,0.0
COUNTY_GEAUGA,0.0
COUNTY_GILES,6.045697130759366e-07
COUNTY_GILMER,0.0
COUNTY_GLOUCESTER,0.0
COUNTY_GOOCHLAND,3.4794043701139367e-09
COUNTY_GRANT,0.0
COUNTY_GRAVES,0.0
COUNTY_GRAYSON,0.0
COUNTY_GREEN,0.0
COUNTY_GREENBRIER,0.0
COUNTY_GREENE,0.0
COUNTY_GREENSVILLE,0.0
COUNTY_GREENUP,0.0
COUNTY_GUERNSEY,0.0
COUNTY_HALIFAX,0.0
COUNTY_HAMILTON,0.0
COUNTY_HAMPSHIRE,0.0
COUNTY_HAMPTON CITY,0.0
COUNTY_HANCOCK,0.0
COUNTY_HANOVER,0.0
COUNTY_HARDIN,0.0
COUNTY_HARDY,0.0
COUNTY_HARLAN,0.0
COUNTY_HARRISON,0.0
COUNTY_HARRISONBURG CITY,0.0
COUNTY_HART,0.0
COUNTY_HENDERSON,0.0
COUNTY_HENRICO,0.0
COUNTY_HENRY,1.4993124260761004e-10
COUNTY_HICKMAN,0.0
COUNTY_HIGHLAND,0.0
COUNTY_HOCKING,0.0
COUNTY_HOLMES,0.0
COUNTY_HOPEWELL CITY,0.0
COUNTY_HOPKINS,0.0
COUNTY_HUNTINGDON,0.0
COUNTY_HURON,1.959101570072771e-10
COUNTY_INDIANA,0.0
COUNTY_ISLE OF WIGHT,0.0
COUNTY_JACKSON,0.0
COUNTY_JAMES CITY,0.0
COUNTY_JEFFERSON,0.0
COUNTY_JESSAMINE,0.0
COUNTY_JOHNSON,0.0
COUNTY_JUNIATA,0.0
COUNTY_KANAWHA,0.0
COUNTY_KENTON,2.685968179589207e-05
COUNTY_KING AND QUEEN,0.0
COUNTY_KING GEORGE,2.2790548417974106e-08
COUNTY_KING WILLIAM,0.0
COUNTY_KNOTT,0.0
COUNTY_KNOX,0.0
COUNTY_LACKAWANNA,0.0
COUNTY_LAKE,0.00021577596791985004
COUNTY_LANCASTER,0.0
COUNTY_LAUREL,2.0439626533886782e-08
COUNTY_LAWRENCE,0.0
COUNTY_LEBANON,0.0
COUNTY_LEE,5.3499153798388494e-08
COUNTY_LEHIGH,0.0
COUNTY_LESLIE,0.0
COUNTY_LETCHER,0.0
COUNTY_LEWIS,5.622421597785375e-11
COUNTY_LEXINGTON CITY,2.207987432801404e-09
COUNTY_LICKING,4.410235533333735e-06
COUNTY_LINCOLN,1.2321016336954283e-07
COUNTY_LIVINGSTON,0.0
COUNTY_LOGAN,0.0
COUNTY_LORAIN,0.0
COUNTY_LOUDOUN,0.0
COUNTY_LOUISA,0.0
COUNTY_LUCAS,0.0
COUNTY_LUNENBURG,0.0
COUNTY_LUZERNE,0.0
COUNTY_LYCOMING,0.0
COUNTY_LYNCHBURG CITY,0.0
COUNTY_LYON,0.0
COUNTY_MADISON,0.0
COUNTY_MAGOFFIN,8.529421801678338e-11
COUNTY_MAHONING,0.0
COUNTY_MANASSAS CITY,0.0
COUNTY_MARION,0.0
COUNTY_MARSHALL,9.183288609716116e-10
COUNTY_MARTIN,0.0
COUNTY_MARTINSVILLE CITY,0.0
COUNTY_MASON,0.0
COUNTY_MATHEWS,0.0
COUNTY_MCCRACKEN,0.0
COUNTY_MCCREARY,0.0
COUNTY_MCDOWELL,0.0
COUNTY_MCKEAN,0.0
COUNTY_MCLEAN,0.0
COUNTY_MEADE,0.0
COUNTY_MECKLENBURG,0.0
COUNTY_MEDINA,0.0
COUNTY_MEIGS,0.0
COUNTY_MENIFEE,0.0
COUNTY_MERCER,0.0
COUNTY_METCALFE,0.0
COUNTY_MIAMI,0.0
COUNTY_MIDDLESEX,0.0
COUNTY_MIFFLIN,0.0
COUNTY_MINERAL,0.0
COUNTY_MINGO,0.0
COUNTY_MONONGALIA,0.0
COUNTY_MONROE,0.0
COUNTY_MONTGOMERY,0.0
COUNTY_MONTOUR,0.0
COUNTY_MORGAN,0.0
COUNTY_MORROW,0.0
COUNTY_MUHLENBERG,0.0
COUNTY_MUSKINGUM,0.0
COUNTY_NELSON,0.0
COUNTY_NEW KENT,0.0
COUNTY_NEWPORT NEWS CITY,0.0
COUNTY_NICHOLAS,2.5901993523646447e-06
COUNTY_NOBLE,0.0
COUNTY_NORFOLK CITY,0.0
COUNTY_NORTHAMPTON,0.0
COUNTY_NORTHUMBERLAND,0.0
COUNTY_NOTTOWAY,0.0
COUNTY_OHIO,0.0
COUNTY_OLDHAM,0.0
COUNTY_ORANGE,2.287084492790365e-08
COUNTY_OTTAWA,0.0
COUNTY_OWEN,0.0
COUNTY_OWSLEY,0.0
COUNTY_PAGE,0.0
COUNTY_PATRICK,0.0
COUNTY_PAULDING,0.0
COUNTY_PENDLETON,0.0
COUNTY_PERRY,4.897753925181927e-09
COUNTY_PETERSBURG CITY,0.0
COUNTY_PHILADELPHIA,0.0
COUNTY_PICKAWAY,0.0
COUNTY_PIKE,0.0
COUNTY_PITTSYLVANIA,0.0
COUNTY_PLEASANTS,0.0
COUNTY_POCAHONTAS,0.0
COUNTY_POQUOSON CITY,0.0
COUNTY_PORTAGE,0.0
COUNTY_PORTSMOUTH CITY,0.0
COUNTY_POTTER,0.0
COUNTY_POWELL,0.0
COUNTY_POWHATAN,0.0
COUNTY_PREBLE,0.0
COUNTY_PRESTON,0.0
COUNTY_PRINCE EDWARD,0.0
COUNTY_PRINCE GEORGE,0.0
COUNTY_PRINCE WILLIAM,0.0
COUNTY_PULASKI,1.094009339099782e-05
COUNTY_PUTNAM,0.0
COUNTY_RADFORD,0.0
COUNTY_RALEIGH,0.0
COUNTY_RANDOLPH,0.0
COUNTY_RAPPAHANNOCK,2.4266150757729736e-08
COUNTY_RICHLAND,0.0
COUNTY_RICHMOND,0.0
COUNTY_RITCHIE,0.0
COUNTY_ROANOKE,0.0
COUNTY_ROBERTSON,0.0
COUNTY_ROCKBRIDGE,1.5470437175485638e-06
COUNTY_ROCKCASTLE,0.0
COUNTY_ROCKINGHAM,0.0
COUNTY_ROSS,0.0
COUNTY_ROWAN,0.0
COUNTY_RUSSELL,0.0
COUNTY_SALEM,0.0
COUNTY_SANDUSKY,0.0
COUNTY_SCHUYLKILL,0.0
COUNTY_SCIOTO,0.0
COUNTY_SCOTT,0.0
COUNTY_SENECA,5.03868929323308e-09
COUNTY_SHELBY,0.0
COUNTY_SHENANDOAH,0.0
COUNTY_SIMPSON,0.0
COUNTY_SMYTH,0.0
COUNTY_SNYDER,0.0
COUNTY_SOMERSET,0.0
COUNTY_SOUTHAMPTON,0.0
COUNTY_SPENCER,0.0
COUNTY_SPOTSYLVANIA,0.0
COUNTY_STAFFORD,0.0
COUNTY_STARK,0.0
COUNTY_STAUNTON CITY,0.0
COUNTY_SUFFOLK CITY,0.0
COUNTY_SULLIVAN,0.0
COUNTY_SUMMERS,8.660208515747641e-08
COUNTY_SUMMIT,0.0
COUNTY_SURRY,0.0
COUNTY_SUSQUEHANNA,0.0
COUNTY_SUSSEX,0.0
COUNTY_TAYLOR,0.0
COUNTY_TAZEWELL,1.3615179917509043e-05
COUNTY_TIOGA,0.0
COUNTY_TODD,0.0
COUNTY_TRIGG,0.0
COUNTY_TRIMBLE,6.295316300652511e-08
COUNTY_TRUMBULL,0.0
COUNTY_TUSCARAWAS,0.0
COUNTY_UNION,0.0
COUNTY_UPSHUR,0.0
COUNTY_VAN WERT,0.0
COUNTY_VENANGO,0.0
COUNTY_VINTON,0.0
COUNTY_VIRGINIA BEACH CITY,0.0
COUNTY_WARREN,0.0
COUNTY_WASHINGTON,0.0
COUNTY_WAYNE,1.6701140976546896e-07
COUNTY_WAYNESBORO CITY,0.0
COUNTY_WEBSTER,1.2659723951794617e-07
COUNTY_WESTMORELAND,0.0
COUNTY_WETZEL,0.0
COUNTY_WHITLEY,0.0
COUNTY_WILLIAMS,7.343854383280187e-07
COUNTY_WILLIAMSBURG CITY,0.0
COUNTY_WINCHESTER CITY,0.0
COUNTY_WISE,3.222431748013442e-05
COUNTY_WOLFE,0.0
COUNTY_WOOD,0.0
COUNTY_WOODFORD,0.0
COUNTY_WYANDOT,0.0
COUNTY_WYOMING,0.0
COUNTY_WYTHE,3.229141866948843e-05
COUNTY_YORK,0.0010278469509644817
State_KY,2.2789166083648726e-06
State_OH,3.157332655598964e-05
State_PA,6.114395981861815e-08
State_VA,2.469871729054895e-05
State_WV,4.2271389863601986e-06
GEO.id_0500000US21001,0.0
GEO.id_0500000US21003,0.0
GEO.id_0500000US21005,0.0
GEO.id_0500000US21007,0.0
GEO.id_0500000US21009,0.0
GEO.id_0500000US21011,0.0
GEO.id_0500000US21013,0.0
GEO.id_0500000US21015,0.0
GEO.id_0500000US21017,0.0
GEO.id_0500000US21019,0.0
GEO.id_0500000US21021,0.0
GEO.id_0500000US21023,0.0
GEO.id_0500000US21025,0.0
GEO.id_0500000US21027,0.0
GEO.id_0500000US21029,0.0
GEO.id_0500000US21031,3.4640114292062096e-09
GEO.id_0500000US21033,0.0
GEO.id_0500000US21035,0.0
GEO.id_0500000US21037,0.0
GEO.id_0500000US21041,0.0
GEO.id_0500000US21043,0.0
GEO.id_0500000US21045,0.0
GEO.id_0500000US21047,0.0
GEO.id_0500000US21049,0.0
GEO.id_0500000US21051,0.0
GEO.id_0500000US21053,0.0
GEO.id_0500000US21055,0.0
GEO.id_0500000US21057,0.0
GEO.id_0500000US21059,0.0
GEO.id_0500000US21061,0.0
GEO.id_0500000US21063,0.0
GEO.id_0500000US21065,0.0
GEO.id_0500000US21067,4.587097516649186e-05
GEO.id_0500000US21069,0.0
GEO.id_0500000US21071,0.0
GEO.id_0500000US21073,0.0
GEO.id_0500000US21075,0.0
GEO.id_0500000US21077,0.0
GEO.id_0500000US21079,0.0
GEO.id_0500000US21081,0.0
GEO.id_0500000US21083,0.0
GEO.id_0500000US21085,0.0
GEO.id_0500000US21087,0.0
GEO.id_0500000US21089,0.0
GEO.id_0500000US21093,0.0
GEO.id_0500000US21095,0.0
GEO.id_0500000US21097,0.0
GEO.id_0500000US21099,0.0
GEO.id_0500000US21101,0.0
GEO.id_0500000US21103,0.0
GEO.id_0500000US21105,0.0
GEO.id_0500000US21107,0.0
GEO.id_0500000US21109,0.0
GEO.id_0500000US21111,0.0
GEO.id_0500000US21113,0.0
GEO.id_0500000US21115,0.0
GEO.id_0500000US21117,0.0
GEO.id_0500000US21119,0.0
GEO.id_0500000US21121,0.0
GEO.id_0500000US21125,0.0
GEO.id_0500000US21127,0.0
GEO.id_0500000US21129,5.3952925128736533e-08
GEO.id_0500000US21131,0.0
GEO.id_0500000US21133,0.0
GEO.id_0500000US21135,0.0
GEO.id_0500000US21137,6.908831659358671e-09
GEO.id_0500000US21139,0.0
GEO.id_0500000US21141,0.0
GEO.id_0500000US21143,0.0
GEO.id_0500000US21145,0.0
GEO.id_0500000US21147,0.0
GEO.id_0500000US21149,0.0
GEO.id_0500000US21151,0.0
GEO.id_0500000US21153,0.0
GEO.id_0500000US21155,8.756401043957804e-10
GEO.id_0500000US21157,0.0
GEO.id_0500000US21159,0.0
GEO.id_0500000US21161,0.0
GEO.id_0500000US21163,0.0
GEO.id_0500000US21165,0.0
GEO.id_0500000US21167,0.0
GEO.id_0500000US21169,0.0
GEO.id_0500000US21171,0.0
GEO.id_0500000US21173,0.0
GEO.id_0500000US21175,0.0
GEO.id_0500000US21177,0.0
GEO.id_0500000US21179,0.0
GEO.id_0500000US21181,6.035865413784367e-08
GEO.id_0500000US21183,0.0
GEO.id_0500000US21185,0.0
GEO.id_0500000US21187,0.0
GEO.id_0500000US21189,0.0
GEO.id_0500000US21191,0.0
GEO.id_0500000US21193,0.0
GEO.id_0500000US21195,1.1509742131485558e-06
GEO.id_0500000US21197,0.0
GEO.id_0500000US21199,0.0
GEO.id_0500000US21201,1.4001912156855127e-10
GEO.id_0500000US21203,0.0
GEO.id_0500000US21205,0.0
GEO.id_0500000US21207,0.0
GEO.id_0500000US21209,0.0
GEO.id_0500000US21211,0.0
GEO.id_0500000US21213,0.0
GEO.id_0500000US21215,0.0
GEO.id_0500000US21217,0.0
GEO.id_0500000US21219,0.0
GEO.id_0500000US21221,0.0
GEO.id_0500000US21223,0.0
GEO.id_0500000US21225,0.0
GEO.id_0500000US21227,0.0
GEO.id_0500000US21229,0.0
GEO.id_0500000US21231,0.0
GEO.id_0500000US21233,0.0
GEO.id_0500000US21235,0.0
GEO.id_0500000US21237,9.108476143982726e-09
GEO.id_0500000US21239,0.0
GEO.id_0500000US39001,0.0
GEO.id_0500000US39003,0.0
GEO.id_0500000US39005,2.1377327603708242e-05
GEO.id_0500000US39007,0.0
GEO.id_0500000US39009,0.0
GEO.id_0500000US39011,3.904993281425325e-06
GEO.id_0500000US39013,0.0
GEO.id_0500000US39015,1.2669190000343045e-08
GEO.id_0500000US39017,0.0
GEO.id_0500000US39019,0.0
GEO.id_0500000US39021,0.0
GEO.id_0500000US39023,0.0
GEO.id_0500000US39025,0.0
GEO.id_0500000US39027,0.0
GEO.id_0500000US39029,0.0
GEO.id_0500000US39031,1.0520457060522867e-07
GEO.id_0500000US39033,0.0
GEO.id_0500000US39035,0.0
GEO.id_0500000US39037,0.0
GEO.id_0500000US39039,1.781423435221717e-05
GEO.id_0500000US39041,0.0
GEO.id_0500000US39043,2.0160842617485297e-05
GEO.id_0500000US39045,0.0
GEO.id_0500000US39047,0.0
GEO.id_0500000US39049,0.0
GEO.id_0500000US39051,0.0
GEO.id_0500000US39053,0.0
GEO.id_0500000US39055,0.0
GEO.id_0500000US39057,0.0
GEO.id_0500000US39059,0.0
GEO.id_0500000US39061,0.0
GEO.id_0500000US39063,4.5409192336784497e-07
GEO.id_0500000US39065,0.0
GEO.id_0500000US39067,0.0
GEO.id_0500000US39069,0.0
GEO.id_0500000US39071,0.0
GEO.id_0500000US39073,0.0
GEO.id_0500000US39075,0.0
GEO.id_0500000US39077,0.0
GEO.id_0500000US39079,0.0
GEO.id_0500000US39081,0.0
GEO.id_0500000US39083,0.0
GEO.id_0500000US39085,0.0
GEO.id_0500000US39087,0.0
GEO.id_0500000US39089,0.0
GEO.id_0500000US39091,0.0
GEO.id_0500000US39093,3.970771627852234e-05
GEO.id_0500000US39095,0.0
GEO.id_0500000US39097,0.0
GEO.id_0500000US39099,9.531121585162016e-05
GEO.id_0500000US39101,0.0
GEO.id_0500000US39103,0.0
GEO.id_0500000US39105,2.8101777255876516e-07
GEO.id_0500000US39107,0.0
GEO.id_0500000US39109,0.0
GEO.id_0500000US39111,0.0
GEO.id_0500000US39113,0.002178244860638793
GEO.id_0500000US39115,0.0
GEO.id_0500000US39117,0.0
GEO.id_0500000US39119,0.0
GEO.id_0500000US39121,0.0
GEO.id_0500000US39123,0.0
GEO.id_0500000US39125,0.0
GEO.id_0500000US39127,0.0
GEO.id_0500000US39129,0.0
GEO.id_0500000US39131,0.0
GEO.id_0500000US39133,0.0
GEO.id_0500000US39135,0.0
GEO.id_0500000US39137,0.0
GEO.id_0500000US39139,0.0
GEO.id_0500000US39141,0.0
GEO.id_0500000US39143,0.0
GEO.id_0500000US39145,0.0
GEO.id_0500000US39147,0.0
GEO.id_0500000US39149,0.0
GEO.id_0500000US39151,0.0
GEO.id_0500000US39153,0.0
GEO.id_0500000US39155,0.0
GEO.id_0500000US39157,0.0
GEO.id_0500000US39159,0.0
GEO.id_0500000US39161,0.0
GEO.id_0500000US39163,0.0
GEO.id_0500000US39165,0.0
GEO.id_0500000US39167,0.0
GEO.id_0500000US39169,0.0
GEO.id_0500000US39171,9.715919349079648e-09
GEO.id_0500000US39173,0.0
GEO.id_0500000US39175,0.0
GEO.id_0500000US42001,0.0
GEO.id_0500000US42003,0.0
GEO.id_0500000US42005,0.0
GEO.id_0500000US42007,0.0
GEO.id_0500000US42009,0.0
GEO.id_0500000US42011,0.0
GEO.id_0500000US42013,0.0
GEO.id_0500000US42015,1.0480953509901093e-07
GEO.id_0500000US42017,0.0
GEO.id_0500000US42019,0.0
GEO.id_0500000US42021,0.0
GEO.id_0500000US42023,0.0
GEO.id_0500000US42025,0.0
GEO.id_0500000US42027,0.0
GEO.id_0500000US42029,5.15033624274289e-05
GEO.id_0500000US42031,0.0
GEO.id_0500000US42033,0.0
GEO.id_0500000US42035,0.0
GEO.id_0500000US42037,0.0
GEO.id_0500000US42039,0.0
GEO.id_0500000US42041,0.0
GEO.id_0500000US42043,0.0
GEO.id_0500000US42045,0.0010802036201316449
GEO.id_0500000US42047,0.0
GEO.id_0500000US42049,0.0
GEO.id_0500000US42051,0.0
GEO.id_0500000US42055,0.0
GEO.id_0500000US42057,0.0
GEO.id_0500000US42059,0.0
GEO.id_0500000US42061,0.0
GEO.id_0500000US42063,0.0
GEO.id_0500000US42065,0.0
GEO.id_0500000US42067,0.0
GEO.id_0500000US42069,0.0
GEO.id_0500000US42071,0.0
GEO.id_0500000US42073,0.0
GEO.id_0500000US42075,0.0
GEO.id_0500000US42077,0.0
GEO.id_0500000US42079,0.0
GEO.id_0500000US42081,0.0
GEO.id_0500000US42083,0.0
GEO.id_0500000US42085,0.0
GEO.id_0500000US42087,0.0
GEO.id_0500000US42089,0.0
GEO.id_0500000US42091,0.0
GEO.id_0500000US42093,0.0
GEO.id_0500000US42095,0.0
GEO.id_0500000US42097,0.0
GEO.id_0500000US42099,0.0
GEO.id_0500000US42101,0.0
GEO.id_0500000US42103,0.0
GEO.id_0500000US42105,0.0
GEO.id_0500000US42107,0.0
GEO.id_0500000US42109,0.0
GEO.id_0500000US42111,0.0
GEO.id_0500000US42113,0.0
GEO.id_0500000US42115,0.0
GEO.id_0500000US42117,0.0
GEO.id_0500000US42119,3.247510714880833e-09
GEO.id_0500000US42121,0.0
GEO.id_0500000US42123,0.0
GEO.id_0500000US42125,0.0
GEO.id_0500000US42127,0.0
GEO.id_0500000US42129,0.0
GEO.id_0500000US42131,0.0
GEO.id_0500000US42133,0.0
GEO.id_0500000US51001,0.0
GEO.id_0500000US51003,0.0
GEO.id_0500000US51005,0.0
GEO.id_0500000US51007,4.6693151680727577e-07
GEO.id_0500000US51009,0.0
GEO.id_0500000US51011,0.0
GEO.id_0500000US51013,0.0
GEO.id_0500000US51015,0.0
GEO.id_0500000US51017,0.0
GEO.id_0500000US51019,0.0
GEO.id_0500000US51021,0.0
GEO.id_0500000US51023,0.0
GEO.id_0500000US51025,0.0
GEO.id_0500000US51027,0.0
GEO.id_0500000US51029,0.0
GEO.id_0500000US51031,0.0
GEO.id_0500000US51033,0.0
GEO.id_0500000US51035,0.0
GEO.id_0500000US51036,0.0
GEO.id_0500000US51037,0.0
GEO.id_0500000US51041,0.0
GEO.id_0500000US51043,0.0
GEO.id_0500000US51045,0.0
GEO.id_0500000US51047,0.0
GEO.id_0500000US51049,0.0
GEO.id_0500000US51051,0.0
GEO.id_0500000US51053,0.0
GEO.id_0500000US51057,0.0
GEO.id_0500000US51059,0.0
GEO.id_0500000US51061,0.0
GEO.id_0500000US51063,0.0
GEO.id_0500000US51065,0.0
GEO.id_0500000US51067,0.0
GEO.id_0500000US51069,0.0
GEO.id_0500000US51071,6.826003131682429e-07
GEO.id_0500000US51073,0.0
GEO.id_0500000US51075,0.0
GEO.id_0500000US51077,0.0
GEO.id_0500000US51079,0.0
GEO.id_0500000US51081,0.0
GEO.id_0500000US51083,0.0
GEO.id_0500000US51085,0.0
GEO.id_0500000US51087,0.0
GEO.id_0500000US51089,0.0
GEO.id_0500000US51093,0.0
GEO.id_0500000US51095,0.0
GEO.id_0500000US51097,0.0
GEO.id_0500000US51099,0.0
GEO.id_0500000US51101,0.0
GEO.id_0500000US51103,0.0
GEO.id_0500000US51105,0.0
GEO.id_0500000US51107,0.0
GEO.id_0500000US51109,0.0
GEO.id_0500000US51111,0.0
GEO.id_0500000US51113,0.0
GEO.id_0500000US51115,0.0
GEO.id_0500000US51117,0.0
GEO.id_0500000US51119,0.0
GEO.id_0500000US51121,1.6694813615526554e-05
GEO.id_0500000US51125,0.0
GEO.id_0500000US51127,0.0
GEO.id_0500000US51131,0.0
GEO.id_0500000US51133,0.0
GEO.id_0500000US51135,0.0
GEO.id_0500000US51137,0.0
GEO.id_0500000US51139,0.0
GEO.id_0500000US51141,0.0
GEO.id_0500000US51143,0.0
GEO.id_0500000US51145,0.0
GEO.id_0500000US51147,0.0
GEO.id_0500000US51149,0.0
GEO.id_0500000US51153,0.0
GEO.id_0500000US51155,0.0
GEO.id_0500000US51157,0.0
GEO.id_0500000US51163,0.0
GEO.id_0500000US51165,0.0
GEO.id_0500000US51167,0.0
GEO.id_0500000US51169,0.0
GEO.id_0500000US51171,0.0
GEO.id_0500000US51173,0.0
GEO.id_0500000US51175,0.0
GEO.id_0500000US51177,0.0
GEO.id_0500000US51179,0.0
GEO.id_0500000US51181,0.0
GEO.id_0500000US51183,0.0
GEO.id_0500000US51185,3.4702940877578696e-05
GEO.id_0500000US51187,6.021713895584281e-06
GEO.id_0500000US51191,0.0
GEO.id_0500000US51193,0.0
GEO.id_0500000US51195,5.736776251150117e-05
GEO.id_0500000US51197,2.588910064402237e-05
GEO.id_0500000US51199,0.0
GEO.id_0500000US51510,0.0
GEO.id_0500000US51515,0.0
GEO.id_0500000US51520,0.0
GEO.id_0500000US51530,0.0
GEO.id_0500000US51540,0.0
GEO.id_0500000US51550,0.0
GEO.id_0500000US51570,0.0
GEO.id_0500000US51590,0.0
GEO.id_0500000US51595,0.0
GEO.id_0500000US51600,0.0
GEO.id_0500000US51610,0.0
GEO.id_0500000US51620,0.0
GEO.id_0500000US51630,0.0
GEO.id_0500000US51640,0.0
GEO.id_0500000US51650,0.0
GEO.id_0500000US51660,0.0
GEO.id_0500000US51670,0.0
GEO.id_0500000US51678,0.0
GEO.id_0500000US51680,0.0
GEO.id_0500000US51683,0.0
GEO.id_0500000US51690,0.0
GEO.id_0500000US51700,0.0
GEO.id_0500000US51710,0.0
GEO.id_0500000US51730,0.0
GEO.id_0500000US51735,0.0
GEO.id_0500000US51740,0.0
GEO.id_0500000US51750,0.0
GEO.id_0500000US51760,0.0
GEO.id_0500000US51770,5.627547010396865e-05
GEO.id_0500000US51775,0.0
GEO.id_0500000US51790,0.0
GEO.id_0500000US51800,0.0
GEO.id_0500000US51810,0.0
GEO.id_0500000US51820,0.0
GEO.id_0500000US51830,0.0
GEO.id_0500000US51840,6.492644416731839e-06
GEO.id_0500000US54001,0.0
GEO.id_0500000US54003,0.0
GEO.id_0500000US54005,0.0
GEO.id_0500000US54007,0.0
GEO.id_0500000US54009,0.0
GEO.id_0500000US54011,0.0
GEO.id_0500000US54015,0.0
GEO.id_0500000US54017,0.0
GEO.id_0500000US54019,0.0
GEO.id_0500000US54021,0.0
GEO.id_0500000US54023,0.0
GEO.id_0500000US54025,0.0
GEO.id_0500000US54027,0.0
GEO.id_0500000US54029,0.0
GEO.id_0500000US54031,0.0
GEO.id_0500000US54033,0.0
GEO.id_0500000US54035,0.0
GEO.id_0500000US54037,0.0
GEO.id_0500000US54039,0.0
GEO.id_0500000US54041,3.46308495764516e-06
GEO.id_0500000US54045,0.0
GEO.id_0500000US54047,7.019281008079611e-10
GEO.id_0500000US54049,0.0
GEO.id_0500000US54051,0.0
GEO.id_0500000US54053,0.0
GEO.id_0500000US54055,0.0
GEO.id_0500000US54057,0.0
GEO.id_0500000US54059,0.0
GEO.id_0500000US54061,0.0
GEO.id_0500000US54063,0.0
GEO.id_0500000US54065,0.0
GEO.id_0500000US54067,2.6049082681616225e-06
GEO.id_0500000US54069,0.0
GEO.id_0500000US54073,0.0
GEO.id_0500000US54075,0.0
GEO.id_0500000US54077,0.0
GEO.id_0500000US54079,0.0
GEO.id_0500000US54081,0.0
GEO.id_0500000US54083,0.0
GEO.id_0500000US54085,0.0
GEO.id_0500000US54089,0.0
GEO.id_0500000US54091,0.0
GEO.id_0500000US54097,0.0
GEO.id_0500000US54099,0.0
GEO.id_0500000US54101,1.272877871112356e-07
GEO.id_0500000US54103,0.0
GEO.id_0500000US54107,1.4331032058162383e-07
GEO.id_0500000US54109,0.0
"GEO.display-label_Accomack County, Virginia",0.0
"GEO.display-label_Adair County, Kentucky",9.995416173840668e-13
"GEO.display-label_Adams County, Ohio",0.0
"GEO.display-label_Adams County, Pennsylvania",0.0
"GEO.display-label_Albemarle County, Virginia",0.0
"GEO.display-label_Alexandria city, Virginia",0.0
"GEO.display-label_Alleghany County, Virginia",8.9958745564566e-12
"GEO.display-label_Allegheny County, Pennsylvania",0.0
"GEO.display-label_Allen County, Kentucky",0.0
"GEO.display-label_Allen County, Ohio",0.0
"GEO.display-label_Amelia County, Virginia",4.5574292434489455e-07
"GEO.display-label_Amherst County, Virginia",0.0
"GEO.display-label_Anderson County, Kentucky",0.0
"GEO.display-label_Appomattox County, Virginia",0.0
"GEO.display-label_Arlington County, Virginia",0.0
"GEO.display-label_Armstrong County, Pennsylvania",0.0
"GEO.display-label_Ashland County, Ohio",1.984684407252675e-05
"GEO.display-label_Ashtabula County, Ohio",0.0
"GEO.display-label_Athens County, Ohio",0.0
"GEO.display-label_Auglaize County, Ohio",0.0
"GEO.display-label_Augusta County, Virginia",0.0
"GEO.display-label_Ballard County, Kentucky",0.0
"GEO.display-label_Barbour County, West Virginia",0.0
"GEO.display-label_Barren County, Kentucky",0.0
"GEO.display-label_Bath County, Kentucky",0.0
"GEO.display-label_Bath County, Virginia",0.0
"GEO.display-label_Beaver County, Pennsylvania",0.0
"GEO.display-label_Bedford County, Pennsylvania",0.0
"GEO.display-label_Bedford County, Virginia",0.0
"GEO.display-label_Bedford city, Virginia",0.0
"GEO.display-label_Bell County, Kentucky",0.0
"GEO.display-label_Belmont County, Ohio",0.0
"GEO.display-label_Berkeley County, West Virginia",0.0
"GEO.display-label_Berks County, Pennsylvania",0.0
"GEO.display-label_Blair County, Pennsylvania",0.0
"GEO.display-label_Bland County, Virginia",0.0
"GEO.display-label_Boone County, Kentucky",0.0
"GEO.display-label_Boone County, West Virginia",0.0
"GEO.display-label_Botetourt County, Virginia",0.0
"GEO.display-label_Bourbon County, Kentucky",0.0
"GEO.display-label_Boyd County, Kentucky",0.0
"GEO.display-label_Boyle County, Kentucky",0.0
"GEO.display-label_Bracken County, Kentucky",0.0
"GEO.display-label_Bradford County, Pennsylvania",0.0
"GEO.display-label_Braxton County, West Virginia",0.0
"GEO.display-label_Breathitt County, Kentucky",0.0
"GEO.display-label_Breckinridge County, Kentucky",0.0
"GEO.display-label_Bristol city, Virginia",0.0
"GEO.display-label_Brooke County, West Virginia",0.0
"GEO.display-label_Brown County, Ohio",0.0
"GEO.display-label_Brunswick County, Virginia",0.0
"GEO.display-label_Buchanan County, Virginia",0.0
"GEO.display-label_Buckingham County, Virginia",0.0
"GEO.display-label_Bucks County, Pennsylvania",0.0
"GEO.display-label_Buena Vista city, Virginia",0.0
"GEO.display-label_Bullitt County, Kentucky",0.0
"GEO.display-label_Butler County, Kentucky",0.0
"GEO.display-label_Butler County, Ohio",0.0
"GEO.display-label_Butler County, Pennsylvania",0.0
"GEO.display-label_Cabell County, West Virginia",0.0
"GEO.display-label_Caldwell County, Kentucky",0.0
"GEO.display-label_Calloway County, Kentucky",6.096814044812033e-08
"GEO.display-label_Cambria County, Pennsylvania",0.0
"GEO.display-label_Cameron County, Pennsylvania",0.0
"GEO.display-label_Campbell County, Kentucky",3.0557145917325016e-05
"GEO.display-label_Campbell County, Virginia",0.0
"GEO.display-label_Carbon County, Pennsylvania",0.0
"GEO.display-label_Caroline County, Virginia",0.0
"GEO.display-label_Carroll County, Kentucky",0.0
"GEO.display-label_Carroll County, Ohio",0.0
"GEO.display-label_Carroll County, Virginia",0.0
"GEO.display-label_Carter County, Kentucky",0.0
"GEO.display-label_Casey County, Kentucky",1.503477182828776e-11
"GEO.display-label_Centre County, Pennsylvania",0.0
"GEO.display-label_Champaign County, Ohio",0.0
"GEO.display-label_Charles City County, Virginia",0.0
"GEO.display-label_Charlotte County, Virginia",0.0
"GEO.display-label_Charlottesville city, Virginia",0.0
"GEO.display-label_Chesapeake city, Virginia",3.7190548014784973e-06
"GEO.display-label_Chester County, Pennsylvania",0.0
"GEO.display-label_Chesterfield County, Virginia",0.0
"GEO.display-label_Christian County, Kentucky",0.0
"GEO.display-label_Clarion County, Pennsylvania",0.0
"GEO.display-label_Clark County, Kentucky",0.0
"GEO.display-label_Clark County, Ohio",0.0
"GEO.display-label_Clarke County, Virginia",0.0
"GEO.display-label_Clay County, Kentucky",0.0
"GEO.display-label_Clay County, West Virginia",0.0
"GEO.display-label_Clearfield County, Pennsylvania",0.0
"GEO.display-label_Clermont County, Ohio",0.0
"GEO.display-label_Clinton County, Kentucky",0.0
"GEO.display-label_Clinton County, Ohio",0.0
"GEO.display-label_Clinton County, Pennsylvania",0.0
"GEO.display-label_Colonial Heights city, Virginia",0.0
"GEO.display-label_Columbia County, Pennsylvania",0.0
"GEO.display-label_Columbiana County, Ohio",0.0
"GEO.display-label_Coshocton County, Ohio",0.0
"GEO.display-label_Craig County, Virginia",0.0
"GEO.display-label_Crawford County, Ohio",0.0
"GEO.display-label_Crawford County, Pennsylvania",0.0
"GEO.display-label_Crittenden County, Kentucky",0.0
"GEO.display-label_Culpeper County, Virginia",0.0
"GEO.display-label_Cumberland County, Kentucky",0.0
"GEO.display-label_Cumberland County, Pennsylvania",0.0
"GEO.display-label_Cumberland County, Virginia",0.0
"GEO.display-label_Cuyahoga County, Ohio",0.0
"GEO.display-label_Danville city, Virginia",0.0
"GEO.display-label_Darke County, Ohio",0.0
"GEO.display-label_Dauphin County, Pennsylvania",0.0
"GEO.display-label_Daviess County, Kentucky",0.0
"GEO.display-label_Defiance County, Ohio",0.0
"GEO.display-label_Delaware County, Ohio",0.0
"GEO.display-label_Delaware County, Pennsylvania",0.0
"GEO.display-label_Dickenson County, Virginia",0.0
"GEO.display-label_Dinwiddie County, Virginia",0.0
"GEO.display-label_Doddridge County, West Virginia",0.0
"GEO.display-label_Edmonson County, Kentucky",0.0
"GEO.display-label_Elk County, Pennsylvania",0.0
"GEO.display-label_Elliott County, Kentucky",0.0
"GEO.display-label_Emporia city, Virginia",0.0
"GEO.display-label_Erie County, Ohio",4.343541690271208e-05
"GEO.display-label_Erie County, Pennsylvania",0.0
"GEO.display-label_Essex County, Virginia",0.0
"GEO.display-label_Estill County, Kentucky",0.0
"GEO.display-label_Fairfax County, Virginia",0.0
"GEO.display-label_Fairfax city, Virginia",0.0
"GEO.display-label_Fairfield County, Ohio",0.0
"GEO.display-label_Falls Church city, Virginia",0.0
"GEO.display-label_Fauquier County, Virginia",8.860578102439935e-07
"GEO.display-label_Fayette County, Kentucky",0.0
"GEO.display-label_Fayette County, Ohio",4.869888936008944e-07
"GEO.display-label_Fayette County, Pennsylvania",0.0
"GEO.display-label_Fayette County, West Virginia",0.0
"GEO.display-label_Fleming County, Kentucky",0.0
"GEO.display-label_Floyd County, Kentucky",0.0
"GEO.display-label_Floyd County, Virginia",0.0
"GEO.display-label_Fluvanna County, Virginia",0.0
"GEO.display-label_Franklin County, Kentucky",1.4815705623675327e-09
"GEO.display-label_Franklin County, Ohio",0.0
"GEO.display-label_Franklin County, Pennsylvania",0.0
"GEO.display-label_Franklin County, Virginia",0.0
"GEO.display-label_Franklin city, Virginia",0.0
"GEO.display-label_Frederick County, Virginia",0.0
"GEO.display-label_Fredericksburg city, Virginia",0.0
"GEO.display-label_Fulton County, Kentucky",0.0
"GEO.display-label_Fulton County, Ohio",0.0
"GEO.display-label_Fulton County, Pennsylvania",0.0
"GEO.display-label_Galax city, Virginia",0.0
"GEO.display-label_Gallatin County, Kentucky",0.0
"GEO.display-label_Gallia County, Ohio",0.0
"GEO.display-label_Garrard County, Kentucky",0.0
"GEO.display-label_Geauga County, Ohio",0.0
"GEO.display-label_Giles County, Virginia",0.0
"GEO.display-label_Gilmer County, West Virginia",0.0
"GEO.display-label_Gloucester County, Virginia",0.0
"GEO.display-label_Goochland County, Virginia",0.0
"GEO.display-label_Grant County, Kentucky",0.0
"GEO.display-label_Grant County, West Virginia",0.0
"GEO.display-label_Graves County, Kentucky",0.0
"GEO.display-label_Grayson County, Kentucky",0.0
"GEO.display-label_Grayson County, Virginia",0.0
"GEO.display-label_Green County, Kentucky",0.0
"GEO.display-label_Greenbrier County, West Virginia",0.0
"GEO.display-label_Greene County, Ohio",0.0
"GEO.display-label_Greene County, Pennsylvania",0.0
"GEO.display-label_Greene County, Virginia",0.0
"GEO.display-label_Greensville County, Virginia",0.0
"GEO.display-label_Greenup County, Kentucky",0.0
"GEO.display-label_Guernsey County, Ohio",3.3600341453375004e-06
"GEO.display-label_Halifax County, Virginia",0.0
"GEO.display-label_Hamilton County, Ohio",0.0
"GEO.display-label_Hampshire County, West Virginia",0.0
"GEO.display-label_Hampton city, Virginia",0.0
"GEO.display-label_Hancock County, Ohio",0.0
"GEO.display-label_Hancock County, West Virginia",0.0
"GEO.display-label_Hanover County, Virginia",0.0
"GEO.display-label_Hardin County, Kentucky",0.0
"GEO.display-label_Hardin County, Ohio",0.0
"GEO.display-label_Hardy County, West Virginia",0.0
"GEO.display-label_Harlan County, Kentucky",0.0
"GEO.display-label_Harrison County, Kentucky",0.0
"GEO.display-label_Harrison County, Ohio",0.0
"GEO.display-label_Harrison County, West Virginia",0.0
"GEO.display-label_Harrisonburg city, Virginia",0.0
"GEO.display-label_Hart County, Kentucky",0.0
"GEO.display-label_Henderson County, Kentucky",0.0
"GEO.display-label_Henrico County, Virginia",0.0
"GEO.display-label_Henry County, Kentucky",0.0
"GEO.display-label_Henry County, Ohio",0.0
"GEO.display-label_Henry County, Virginia",0.0
"GEO.display-label_Hickman County, Kentucky",0.0
"GEO.display-label_Highland County, Ohio",0.0
"GEO.display-label_Hocking County, Ohio",1.171788347423058e-07
"GEO.display-label_Holmes County, Ohio",0.0
"GEO.display-label_Hopewell city, Virginia",0.0
"GEO.display-label_Hopkins County, Kentucky",0.0
"GEO.display-label_Huntingdon County, Pennsylvania",0.0
"GEO.display-label_Huron County, Ohio",5.413974117632403e-06
"GEO.display-label_Indiana County, Pennsylvania",0.0
"GEO.display-label_Isle of Wight County, Virginia",0.0
"GEO.display-label_Jackson County, Kentucky",0.0
"GEO.display-label_Jackson County, Ohio",0.0
"GEO.display-label_Jackson County, West Virginia",0.0
"GEO.display-label_James City County, Virginia",0.0
"GEO.display-label_Jefferson County, Kentucky",0.0
"GEO.display-label_Jefferson County, Ohio",0.0
"GEO.display-label_Jefferson County, Pennsylvania",0.0
"GEO.display-label_Jefferson County, West Virginia",0.0
"GEO.display-label_Jessamine County, Kentucky",0.0
"GEO.display-label_Johnson County, Kentucky",0.0
"GEO.display-label_Juniata County, Pennsylvania",0.0
"GEO.display-label_Kanawha County, West Virginia",0.0
"GEO.display-label_Kenton County, Kentucky",0.0
"GEO.display-label_King George County, Virginia",0.0
"GEO.display-label_King William County, Virginia",0.0
"GEO.display-label_King and Queen County, Virginia",0.0
"GEO.display-label_Knott County, Kentucky",0.0
"GEO.display-label_Knox County, Kentucky",0.0
"GEO.display-label_Knox County, Ohio",0.0
"GEO.display-label_Lackawanna County, Pennsylvania",0.0
"GEO.display-label_Lake County, Ohio",0.0
"GEO.display-label_Lancaster County, Pennsylvania",0.0
"GEO.display-label_Lancaster County, Virginia",0.0
"GEO.display-label_Laurel County, Kentucky",0.0
"GEO.display-label_Lawrence County, Kentucky",0.0
"GEO.display-label_Lawrence County, Ohio",0.0
"GEO.display-label_Lawrence County, Pennsylvania",0.0
"GEO.display-label_Lebanon County, Pennsylvania",0.0
"GEO.display-label_Lee County, Kentucky",0.0
"GEO.display-label_Lee County, Virginia",0.0
"GEO.display-label_Lehigh County, Pennsylvania",0.0
"GEO.display-label_Leslie County, Kentucky",0.0
"GEO.display-label_Letcher County, Kentucky",0.0
"GEO.display-label_Lewis County, Kentucky",0.0
"GEO.display-label_Lewis County, West Virginia",0.0
"GEO.display-label_Lexington city, Virginia",0.0
"GEO.display-label_Licking County, Ohio",0.0
"GEO.display-label_Lincoln County, Kentucky",0.0
"GEO.display-label_Livingston County, Kentucky",0.0
"GEO.display-label_Logan County, Kentucky",0.0
"GEO.display-label_Logan County, Ohio",0.0
"GEO.display-label_Logan County, West Virginia",0.0
"GEO.display-label_Lorain County, Ohio",0.0
"GEO.display-label_Loudoun County, Virginia",0.0
"GEO.display-label_Louisa County, Virginia",0.0
"GEO.display-label_Lucas County, Ohio",0.0
"GEO.display-label_Lunenburg County, Virginia",0.0
"GEO.display-label_Luzerne County, Pennsylvania",0.0
"GEO.display-label_Lycoming County, Pennsylvania",0.0
"GEO.display-label_Lynchburg city, Virginia",0.0
"GEO.display-label_Lyon County, Kentucky",0.0
"GEO.display-label_Madison County, Kentucky",0.0
"GEO.display-label_Madison County, Ohio",0.0
"GEO.display-label_Madison County, Virginia",0.0
"GEO.display-label_Magoffin County, Kentucky",0.0
"GEO.display-label_Mahoning County, Ohio",0.0
"GEO.display-label_Manassas city, Virginia",0.0
"GEO.display-label_Marion County, Kentucky",0.0
"GEO.display-label_Marion County, Ohio",0.0
"GEO.display-label_Marion County, West Virginia",0.0
"GEO.display-label_Marshall County, Kentucky",0.0
"GEO.display-label_Marshall County, West Virginia",0.0
"GEO.display-label_Martin County, Kentucky",0.0
"GEO.display-label_Martinsville city, Virginia",0.0
"GEO.display-label_Mason County, Kentucky",0.0
"GEO.display-label_Mason County, West Virginia",4.058363863443226e-09
"GEO.display-label_Mathews County, Virginia",0.0
"GEO.display-label_McCracken County, Kentucky",0.0
"GEO.display-label_McCreary County, Kentucky",0.0
"GEO.display-label_McDowell County, West Virginia",0.0
"GEO.display-label_McKean County, Pennsylvania",0.0
"GEO.display-label_McLean County, Kentucky",0.0
"GEO.display-label_Meade County, Kentucky",0.0
"GEO.display-label_Mecklenburg County, Virginia",0.0
"GEO.display-label_Medina County, Ohio",0.0
"GEO.display-label_Meigs County, Ohio",0.0
"GEO.display-label_Menifee County, Kentucky",0.0
"GEO.display-label_Mercer County, Kentucky",4.418390424511444e-10
"GEO.display-label_Mercer County, Ohio",0.0
"GEO.display-label_Mercer County, Pennsylvania",0.0
"GEO.display-label_Mercer County, West Virginia",7.378150183250076e-07
"GEO.display-label_Metcalfe County, Kentucky",0.0
"GEO.display-label_Miami County, Ohio",0.0
"GEO.display-label_Middlesex County, Virginia",0.0
"GEO.display-label_Mifflin County, Pennsylvania",0.0
"GEO.display-label_Mineral County, West Virginia",0.0
"GEO.display-label_Mingo County, West Virginia",0.0
"GEO.display-label_Monongalia County, West Virginia",0.0
"GEO.display-label_Monroe County, Kentucky",0.0
"GEO.display-label_Monroe County, Ohio",0.0
"GEO.display-label_Monroe County, Pennsylvania",0.0
"GEO.display-label_Monroe County, West Virginia",0.0
"GEO.display-label_Montgomery County, Kentucky",0.0
"GEO.display-label_Montgomery County, Ohio",0.0
"GEO.display-label_Montgomery County, Pennsylvania",0.0
"GEO.display-label_Montgomery County, Virginia",0.0
"GEO.display-label_Montour County, Pennsylvania",0.0
"GEO.display-label_Morgan County, Kentucky",0.0
"GEO.display-label_Morgan County, Ohio",0.0
"GEO.display-label_Morgan County, West Virginia",0.0
"GEO.display-label_Morrow County, Ohio",0.0
"GEO.display-label_Muhlenberg County, Kentucky",5.950870973257782e-08
"GEO.display-label_Muskingum County, Ohio",0.0
"GEO.display-label_Nelson County, Kentucky",0.0
"GEO.display-label_Nelson County, Virginia",0.0
"GEO.display-label_New Kent County, Virginia",0.0
"GEO.display-label_Newport News city, Virginia",0.0
"GEO.display-label_Nicholas County, Kentucky",6.040412726888123e-08
"GEO.display-label_Nicholas County, West Virginia",3.21249097000115e-06
"GEO.display-label_Noble County, Ohio",0.0
"GEO.display-label_Norfolk city, Virginia",0.0
"GEO.display-label_Northampton County, Pennsylvania",0.0
"GEO.display-label_Northampton County, Virginia",0.0
"GEO.display-label_Northumberland County, Pennsylvania",0.0
"GEO.display-label_Northumberland County, Virginia",0.0
"GEO.display-label_Nottoway County, Virginia",0.0
"GEO.display-label_Ohio County, Kentucky",0.0
"GEO.display-label_Ohio County, West Virginia",0.0
"GEO.display-label_Oldham County, Kentucky",0.0
"GEO.display-label_Orange County, Virginia",0.0
"GEO.display-label_Ottawa County, Ohio",0.0
"GEO.display-label_Owen County, Kentucky",0.0
"GEO.display-label_Owsley County, Kentucky",0.0
"GEO.display-label_Page County, Virginia",0.0
"GEO.display-label_Patrick County, Virginia",0.0
"GEO.display-label_Paulding County, Ohio",0.0
"GEO.display-label_Pendleton County, Kentucky",0.0
"GEO.display-label_Perry County, Kentucky",0.0
"GEO.display-label_Perry County, Ohio",0.0
"GEO.display-label_Perry County, Pennsylvania",0.0
"GEO.display-label_Petersburg city, Virginia",0.0
"GEO.display-label_Philadelphia County, Pennsylvania",0.0
"GEO.display-label_Pickaway County, Ohio",0.0
"GEO.display-label_Pike County, Kentucky",0.0
"GEO.display-label_Pike County, Ohio",0.0
"GEO.display-label_Pike County, Pennsylvania",0.0
"GEO.display-label_Pittsylvania County, Virginia",0.0
"GEO.display-label_Pleasants County, West Virginia",0.0
"GEO.display-label_Pocahontas County, West Virginia",4.93499310448279e-08
"GEO.display-label_Poquoson city, Virginia",0.0
"GEO.display-label_Portage County, Ohio",0.0
"GEO.display-label_Portsmouth city, Virginia",0.0
"GEO.display-label_Potter County, Pennsylvania",0.0
"GEO.display-label_Powell County, Kentucky",0.0
"GEO.display-label_Powhatan County, Virginia",0.0
"GEO.display-label_Preble County, Ohio",0.0
"GEO.display-label_Preston County, West Virginia",0.0
"GEO.display-label_Prince Edward County, Virginia",0.0
"GEO.display-label_Prince George County, Virginia",0.0
"GEO.display-label_Prince William County, Virginia",0.0
"GEO.display-label_Pulaski County, Kentucky",0.0
"GEO.display-label_Pulaski County, Virginia",0.0
"GEO.display-label_Putnam County, Ohio",0.0
"GEO.display-label_Putnam County, West Virginia",0.0
"GEO.display-label_Radford city, Virginia",0.0
"GEO.display-label_Raleigh County, West Virginia",0.0
"GEO.display-label_Randolph County, West Virginia",0.0
"GEO.display-label_Rappahannock County, Virginia",0.0
"GEO.display-label_Richland County, Ohio",0.0
"GEO.display-label_Richmond city, Virginia",0.0
"GEO.display-label_Ritchie County, West Virginia",0.0
"GEO.display-label_Roanoke city, Virginia",5.266565847353579e-05
"GEO.display-label_Robertson County, Kentucky",0.0
"GEO.display-label_Rockbridge County, Virginia",0.0
"GEO.display-label_Rockcastle County, Kentucky",0.0
"GEO.display-label_Rockingham County, Virginia",4.55865144705075e-06
"GEO.display-label_Ross County, Ohio",0.0
"GEO.display-label_Rowan County, Kentucky",0.0
"GEO.display-label_Russell County, Kentucky",0.0
"GEO.display-label_Russell County, Virginia",0.0
"GEO.display-label_Salem city, Virginia",0.0
"GEO.display-label_Sandusky County, Ohio",0.0
"GEO.display-label_Schuylkill County, Pennsylvania",0.0
"GEO.display-label_Scioto County, Ohio",0.0
"GEO.display-label_Scott County, Kentucky",0.0
"GEO.display-label_Scott County, Virginia",0.0
"GEO.display-label_Seneca County, Ohio",0.0
"GEO.display-label_Shelby County, Kentucky",0.0
"GEO.display-label_Shelby County, Ohio",0.0
"GEO.display-label_Shenandoah County, Virginia",4.194840062533535e-06
"GEO.display-label_Simpson County, Kentucky",0.0
"GEO.display-label_Smyth County, Virginia",3.8928074530921394e-07
"GEO.display-label_Snyder County, Pennsylvania",0.0
"GEO.display-label_Somerset County, Pennsylvania",0.0
"GEO.display-label_Southampton County, Virginia",0.0
"GEO.display-label_Spencer County, Kentucky",0.0
"GEO.display-label_Spotsylvania County, Virginia",0.0
"GEO.display-label_Stafford County, Virginia",0.0
"GEO.display-label_Stark County, Ohio",2.4578499390119678e-05
"GEO.display-label_Staunton city, Virginia",0.0
"GEO.display-label_Suffolk city, Virginia",0.0
"GEO.display-label_Sullivan County, Pennsylvania",0.0
"GEO.display-label_Summers County, West Virginia",0.0
"GEO.display-label_Summit County, Ohio",0.0
"GEO.display-label_Surry County, Virginia",0.0
"GEO.display-label_Susquehanna County, Pennsylvania",7.74045028502221e-09
"GEO.display-label_Sussex County, Virginia",0.0
"GEO.display-label_Taylor County, Kentucky",0.0
"GEO.display-label_Taylor County, West Virginia",3.023613392586801e-11
"GEO.display-label_Tazewell County, Virginia",5.351176154844981e-05
"GEO.display-label_Tioga County, Pennsylvania",0.0
"GEO.display-label_Todd County, Kentucky",0.0
"GEO.display-label_Trigg County, Kentucky",0.0
"GEO.display-label_Trimble County, Kentucky",0.0
"GEO.display-label_Trumbull County, Ohio",0.0
"GEO.display-label_Tuscarawas County, Ohio",0.0
"GEO.display-label_Union County, Kentucky",0.0
"GEO.display-label_Union County, Ohio",0.0
"GEO.display-label_Union County, Pennsylvania",0.0
"GEO.display-label_Upshur County, West Virginia",0.0
"GEO.display-label_Van Wert County, Ohio",0.0
"GEO.display-label_Venango County, Pennsylvania",0.0
"GEO.display-label_Vinton County, Ohio",5.03996841400188e-07
"GEO.display-label_Virginia Beach city, Virginia",1.0474813225791305e-05
"GEO.display-label_Warren County, Kentucky",0.0
"GEO.display-label_Warren County, Ohio",0.0
"GEO.display-label_Warren County, Pennsylvania",0.0
"GEO.display-label_Warren County, Virginia",6.926767483721451e-06
"GEO.display-label_Washington County, Kentucky",0.0
"GEO.display-label_Washington County, Ohio",0.0
"GEO.display-label_Washington County, Pennsylvania",0.0
"GEO.display-label_Washington County, Virginia",0.0
"GEO.display-label_Wayne County, Kentucky",0.0
"GEO.display-label_Wayne County, Ohio",0.0
"GEO.display-label_Wayne County, Pennsylvania",0.0
"GEO.display-label_Wayne County, West Virginia",0.0
"GEO.display-label_Waynesboro city, Virginia",0.0
"GEO.display-label_Webster County, Kentucky",0.0
"GEO.display-label_Webster County, West Virginia",2.4050990294336944e-07
"GEO.display-label_Westmoreland County, Pennsylvania",0.0
"GEO.display-label_Westmoreland County, Virginia",0.0
"GEO.display-label_Wetzel County, West Virginia",0.0
"GEO.display-label_Whitley County, Kentucky",0.0
"GEO.display-label_Williams County, Ohio",0.0
"GEO.display-label_Williamsburg city, Virginia",0.0
"GEO.display-label_Winchester city, Virginia",1.1220978589104438e-05
"GEO.display-label_Wise County, Virginia",3.790899521866812e-05
"GEO.display-label_Wolfe County, Kentucky",9.303950024025488e-09
"GEO.display-label_Wood County, Ohio",0.0
"GEO.display-label_Wood County, West Virginia",0.0
"GEO.display-label_Woodford County, Kentucky",0.0
"GEO.display-label_Wyandot County, Ohio",2.9246754314927243e-09
"GEO.display-label_Wyoming County, Pennsylvania",0.0
"GEO.display-label_Wyoming County, West Virginia",0.0
"GEO.display-label_Wythe County, Virginia",3.0147665869786634e-05
"GEO.display-label_York County, Pennsylvania",0.0010836877610165764
"GEO.display-label_York County, Virginia",0.0
HC03_VC71_-,0.0
HC03_VC71_0,0.0
HC03_VC71_100,0.0
HC03_VC71_16.7,0.0
HC03_VC71_18.2,4.4831399490570465e-07
HC03_VC71_27.8,0.0
HC03_VC71_31.6,0.0
HC03_VC71_33.9,0.0
HC03_VC71_36.6,0.0
HC03_VC71_37.5,0.0
HC03_VC71_39,0.0
HC03_VC71_39.1,0.0
HC03_VC71_39.2,2.2207058610483294e-08
HC03_VC71_39.9,0.0
HC03_VC71_40.8,0.0
HC03_VC71_41.3,0.0
HC03_VC71_41.4,0.0
HC03_VC71_41.5,0.0
HC03_VC71_41.9,0.0
HC03_VC71_42.7,1.917345719006552e-08
HC03_VC71_44.8,0.0
HC03_VC71_45.1,0.0
HC03_VC71_45.5,0.0
HC03_VC71_45.8,0.0
HC03_VC71_46,0.0
HC03_VC71_46.2,0.0
HC03_VC71_47.4,2.7097025491465523e-06
HC03_VC71_47.6,0.0
HC03_VC71_47.7,0.0
HC03_VC71_47.9,0.0
HC03_VC71_48.2,8.466327615470283e-07
HC03_VC71_48.4,0.0
HC03_VC71_48.5,0.0
HC03_VC71_48.7,0.0
HC03_VC71_48.8,0.0
HC03_VC71_48.9,0.0
HC03_VC71_49,5.2777130120035254e-08
HC03_VC71_49.4,0.0
HC03_VC71_49.5,0.0
HC03_VC71_49.8,0.0
HC03_VC71_50,0.0
HC03_VC71_50.2,0.0
HC03_VC71_50.3,1.0795465943421777e-08
HC03_VC71_50.5,2.4988540434601666e-13
HC03_VC71_50.7,0.0
HC03_VC71_50.9,0.0
HC03_VC71_51,0.0
HC03_VC71_51.1,0.0
HC03_VC71_51.2,0.0
HC03_VC71_51.5,5.757359716132226e-10
HC03_VC71_51.6,1.3730036836927758e-08
HC03_VC71_51.9,0.0
HC03_VC71_52,0.0
HC03_VC71_52.1,0.0
HC03_VC71_52.3,0.0
HC03_VC71_52.4,0.0
HC03_VC71_52.5,0.0
HC03_VC71_52.6,5.701594113367028e-08
HC03_VC71_52.7,0.0
HC03_VC71_52.8,0.0
HC03_VC71_53,0.0
HC03_VC71_53.1,0.0
HC03_VC71_53.2,0.0
HC03_VC71_53.3,0.0
HC03_VC71_53.4,0.0
HC03_VC71_53.6,0.0
HC03_VC71_53.8,0.0
HC03_VC71_53.9,0.0
HC03_VC71_54.1,0.0
HC03_VC71_54.2,6.397066351258028e-11
HC03_VC71_54.3,0.0
HC03_VC71_54.4,0.0
HC03_VC71_54.5,0.0
HC03_VC71_54.6,7.052765652261976e-09
HC03_VC71_54.7,2.4370338342408647e-06
HC03_VC71_54.8,0.0
HC03_VC71_54.9,0.0
HC03_VC71_55.1,0.0
HC03_VC71_55.2,0.0
HC03_VC71_55.3,0.0
HC03_VC71_55.4,0.0
HC03_VC71_55.5,0.0
HC03_VC71_55.6,7.89253103985596e-06
HC03_VC71_55.7,0.0
HC03_VC71_55.8,0.0
HC03_VC71_55.9,0.0
HC03_VC71_56,0.0
HC03_VC71_56.1,0.0
HC03_VC71_56.2,0.0
HC03_VC71_56.3,0.0
HC03_VC71_56.4,0.0
HC03_VC71_56.6,4.080295555726464e-06
HC03_VC71_56.7,1.4600410944506188e-07
HC03_VC71_56.8,4.789524558393192e-07
HC03_VC71_56.9,0.0
HC03_VC71_57,0.0
HC03_VC71_57.1,0.0
HC03_VC71_57.2,0.0
HC03_VC71_57.3,3.919906073478245e-07
HC03_VC71_57.4,0.0
HC03_VC71_57.6,0.0
HC03_VC71_57.7,0.0
HC03_VC71_57.8,0.0007642581622826541
HC03_VC71_58,0.0
HC03_VC71_58.1,0.0
HC03_VC71_58.2,0.0
HC03_VC71_58.3,0.0
HC03_VC71_58.4,0.0
HC03_VC71_58.5,0.0
HC03_VC71_58.6,0.0
HC03_VC71_58.7,0.0
HC03_VC71_58.8,0.0
HC03_VC71_58.9,0.0
HC03_VC71_59,0.0
HC03_VC71_59.2,0.0
HC03_VC71_59.3,7.242865110756408e-05
HC03_VC71_59.4,6.795852970265491e-06
HC03_VC71_59.5,0.0
HC03_VC71_59.6,0.0
HC03_VC71_59.7,0.0
HC03_VC71_59.8,0.0
HC03_VC71_59.9,0.0
HC03_VC71_60,8.863387593864149e-06
HC03_VC71_60.1,0.0
HC03_VC71_60.2,0.0
HC03_VC71_60.3,0.0
HC03_VC71_60.4,0.0
HC03_VC71_60.6,0.0
HC03_VC71_60.7,0.0
HC03_VC71_60.8,1.34299100580451e-06
HC03_VC71_60.9,2.512384719541477e-07
HC03_VC71_61,9.925701477833507e-07
HC03_VC71_61.1,0.0
HC03_VC71_61.2,0.0
HC03_VC71_61.3,1.3906522568502755e-07
HC03_VC71_61.4,0.0
HC03_VC71_61.5,5.2014880748795605e-05
HC03_VC71_61.6,0.0
HC03_VC71_61.8,0.0
HC03_VC71_61.9,0.0
HC03_VC71_62,0.0
HC03_VC71_62.1,0.0
HC03_VC71_62.2,0.0
HC03_VC71_62.3,0.0
HC03_VC71_62.4,8.195456027414453e-07
HC03_VC71_62.5,0.0
HC03_VC71_62.6,0.0
HC03_VC71_62.8,0.0
HC03_VC71_62.9,3.547339891507511e-05
HC03_VC71_63,0.0
HC03_VC71_63.1,0.0
HC03_VC71_63.2,0.0
HC03_VC71_63.3,0.0
HC03_VC71_63.5,0.0
HC03_VC71_63.6,3.331805391282647e-11
HC03_VC71_63.7,0.0
HC03_VC71_63.8,0.0
HC03_VC71_63.9,0.0
HC03_VC71_64,5.374601912781843e-08
HC03_VC71_64.1,0.0
HC03_VC71_64.2,0.0
HC03_VC71_64.4,0.0
HC03_VC71_64.6,0.0
HC03_VC71_64.7,0.0
HC03_VC71_65,0.0
HC03_VC71_65.1,0.0
HC03_VC71_65.2,0.0
HC03_VC71_65.3,1.0486532476641876e-05
HC03_VC71_65.5,0.0
HC03_VC71_65.6,0.0
HC03_VC71_65.7,0.0
HC03_VC71_65.8,0.0
HC03_VC71_65.9,0.0009511738075397144
HC03_VC71_66,0.0
HC03_VC71_66.2,0.0
HC03_VC71_66.3,0.0
HC03_VC71_66.4,0.0
HC03_VC71_66.6,0.0
HC03_VC71_66.8,0.0
HC03_VC71_66.9,0.0
HC03_VC71_67,0.0
HC03_VC71_67.1,0.0
HC03_VC71_67.2,0.0
HC03_VC71_67.3,0.0
HC03_VC71_67.5,0.0
HC03_VC71_67.6,0.0
HC03_VC71_67.7,0.0
HC03_VC71_67.8,0.0
HC03_VC71_68.1,0.0
HC03_VC71_68.3,0.0
HC03_VC71_68.5,0.0
HC03_VC71_68.6,0.0
HC03_VC71_68.7,1.2244384812954821e-09
HC03_VC71_68.8,0.0
HC03_VC71_68.9,0.0
HC03_VC71_69,0.0
HC03_VC71_69.1,0.0
HC03_VC71_69.4,0.0
HC03_VC71_69.6,0.0
HC03_VC71_69.7,0.0
HC03_VC71_69.9,0.00018337365719783033
HC03_VC71_70,0.0
HC03_VC71_70.1,0.0
HC03_VC71_70.3,0.0
HC03_VC71_70.4,5.408569513450037e-08
HC03_VC71_70.5,0.0
HC03_VC71_70.6,0.0
HC03_VC71_70.8,0.0
HC03_VC71_71,0.0
HC03_VC71_71.2,0.0
HC03_VC71_71.5,5.0987605731853624e-05
HC03_VC71_72.7,0.0
HC03_VC71_72.9,0.0
HC03_VC71_73,9.176473401788252e-08
HC03_VC71_73.3,2.024071775202736e-09
HC03_VC71_73.5,4.0461053739874463e-07
HC03_VC71_73.8,0.0
HC03_VC71_73.9,0.0
HC03_VC71_74.4,0.0
HC03_VC71_74.7,0.0
HC03_VC71_74.9,0.0
HC03_VC71_75.1,0.0
HC03_VC71_75.4,0.002879041253332836
HC03_VC71_75.6,0.0
HC03_VC71_75.8,0.0
HC03_VC71_76,0.0
HC03_VC71_76.1,0.0
HC03_VC71_76.8,3.018315679832367e-07
HC03_VC71_77.8,0.0
HC03_VC71_78.2,0.0
HC03_VC71_79.6,0.0
HC03_VC71_80.5,0.00025439836980590435
HC03_VC71_81,0.0
HC03_VC71_82.3,0.0
HC03_VC71_82.5,0.0
HC03_VC71_83.3,0.0
HC03_VC71_83.4,0.0
HC03_VC71_86.4,2.7941354320334468e-05
HC03_VC71_88.6,0.0
HC03_VC72_-,0.0
HC03_VC72_0,0.0
HC03_VC72_100,0.0
HC03_VC72_37.4,0.0
HC03_VC72_38.6,0.0
HC03_VC72_40.5,0.0
HC03_VC72_41.1,7.15192589237286e-07
HC03_VC72_44.1,0.0
HC03_VC72_44.7,0.0
HC03_VC72_45.5,0.0
HC03_VC72_45.8,0.0
HC03_VC72_46.2,0.0
HC03_VC72_46.8,0.0
HC03_VC72_48.7,0.0
HC03_VC72_49.6,0.0
HC03_VC72_50,0.0
HC03_VC72_50.8,4.223063333447683e-09
HC03_VC72_51.3,0.0
HC03_VC72_52.3,0.0
HC03_VC72_52.5,2.138500965463578e-08
HC03_VC72_52.6,0.0
HC03_VC72_53.5,0.0
HC03_VC72_53.6,0.0
HC03_VC72_54.4,5.919327105715842e-09
HC03_VC72_55.2,0.0
HC03_VC72_55.4,0.0
HC03_VC72_55.6,0.0
HC03_VC72_55.8,0.0
HC03_VC72_56.1,0.0
HC03_VC72_56.3,0.0
HC03_VC72_56.5,0.0
HC03_VC72_57.2,0.0
HC03_VC72_57.3,1.1003120714433375e-08
HC03_VC72_57.6,0.0
HC03_VC72_57.7,1.7008098233150852e-05
HC03_VC72_58.5,0.0
HC03_VC72_59.2,0.0
HC03_VC72_59.8,0.0
HC03_VC72_60,0.0
HC03_VC72_60.3,0.0
HC03_VC72_60.4,0.0
HC03_VC72_60.5,0.0
HC03_VC72_60.6,0.0
HC03_VC72_60.7,0.0
HC03_VC72_60.8,0.0
HC03_VC72_60.9,0.0
HC03_VC72_61.4,0.0
HC03_VC72_61.5,0.0
HC03_VC72_61.7,0.0
HC03_VC72_62,0.0
HC03_VC72_62.1,0.0
HC03_VC72_62.4,1.108381704101018e-07
HC03_VC72_62.5,0.0
HC03_VC72_62.6,0.0
HC03_VC72_62.8,0.0
HC03_VC72_63,0.0
HC03_VC72_63.1,0.0
HC03_VC72_63.4,0.0
HC03_VC72_63.5,0.0
HC03_VC72_63.6,0.0
HC03_VC72_63.7,0.0
HC03_VC72_63.8,0.0
HC03_VC72_64.2,8.999622837521794e-10
HC03_VC72_64.4,0.0
HC03_VC72_64.6,0.0
HC03_VC72_65.1,0.0
HC03_VC72_65.2,0.0
HC03_VC72_65.4,2.522449323546982e-07
HC03_VC72_65.8,0.0
HC03_VC72_65.9,1.2276003646118318e-07
HC03_VC72_66.1,0.0
HC03_VC72_66.2,0.0
HC03_VC72_66.4,9.796507391981242e-09
HC03_VC72_66.5,0.0
HC03_VC72_66.6,0.0
HC03_VC72_66.8,0.0
HC03_VC72_66.9,0.0
HC03_VC72_67.1,0.0
HC03_VC72_67.3,1.650522582183153e-07
HC03_VC72_67.4,0.0
HC03_VC72_67.6,0.0
HC03_VC72_67.7,0.0
HC03_VC72_67.9,0.0
HC03_VC72_68,0.0
HC03_VC72_68.1,0.00023970139965751592
HC03_VC72_68.2,0.0
HC03_VC72_68.3,0.0
HC03_VC72_68.4,0.0
HC03_VC72_68.5,0.0
HC03_VC72_68.8,2.2100686217534902e-06
HC03_VC72_69,0.0
HC03_VC72_69.1,0.0
HC03_VC72_69.2,0.0
HC03_VC72_69.3,0.0
HC03_VC72_69.5,0.0
HC03_VC72_69.6,0.0
HC03_VC72_69.7,0.0
HC03_VC72_69.8,0.0
HC03_VC72_69.9,0.0
HC03_VC72_70,0.0
HC03_VC72_70.1,0.0
HC03_VC72_70.2,1.2446479478423661e-07
HC03_VC72_70.3,0.0
HC03_VC72_70.5,0.0
HC03_VC72_70.6,0.0
HC03_VC72_71,0.0
HC03_VC72_71.2,0.0
HC03_VC72_71.3,0.0
HC03_VC72_71.4,0.0
HC03_VC72_71.5,0.0
HC03_VC72_71.6,0.0
HC03_VC72_71.8,0.0
HC03_VC72_72,0.0
HC03_VC72_72.1,0.0
HC03_VC72_72.2,0.0
HC03_VC72_72.3,0.0
HC03_VC72_72.5,0.0
HC03_VC72_72.6,0.0
HC03_VC72_72.7,0.0
HC03_VC72_72.8,0.0
HC03_VC72_72.9,0.0
HC03_VC72_73,0.0
HC03_VC72_73.1,0.0
HC03_VC72_73.2,0.0
HC03_VC72_73.3,1.050080773822791e-06
HC03_VC72_73.4,0.0
HC03_VC72_73.5,0.0
HC03_VC72_73.7,0.0
HC03_VC72_73.8,0.0
HC03_VC72_73.9,0.0
HC03_VC72_74,0.0
HC03_VC72_74.1,0.0
HC03_VC72_74.3,0.0
HC03_VC72_74.6,0.0
HC03_VC72_74.8,0.0
HC03_VC72_74.9,0.0
HC03_VC72_75,0.0
HC03_VC72_75.1,0.0
HC03_VC72_75.2,0.0
HC03_VC72_75.3,0.0
HC03_VC72_75.4,0.0
HC03_VC72_75.6,0.0
HC03_VC72_75.7,0.0
HC03_VC72_75.8,0.0
HC03_VC72_75.9,0.0
HC03_VC72_76,0.0
HC03_VC72_76.1,0.0
HC03_VC72_76.2,1.475548324122794e-08
HC03_VC72_76.3,0.0
HC03_VC72_76.5,0.0
HC03_VC72_76.6,0.0
HC03_VC72_76.7,0.0
HC03_VC72_76.8,0.0
HC03_VC72_76.9,2.680102406268671e-07
HC03_VC72_77,0.0
HC03_VC72_77.1,0.0
HC03_VC72_77.2,0.0
HC03_VC72_77.3,0.0
HC03_VC72_77.4,0.0
HC03_VC72_77.7,0.0
HC03_VC72_77.8,0.0
HC03_VC72_77.9,0.0
HC03_VC72_78,0.0
HC03_VC72_78.1,0.0
HC03_VC72_78.2,3.6995344489503547e-07
HC03_VC72_78.4,0.0
HC03_VC72_78.5,0.0
HC03_VC72_78.6,0.0
HC03_VC72_78.7,0.0
HC03_VC72_78.8,0.0
HC03_VC72_78.9,0.0
HC03_VC72_79,0.0
HC03_VC72_79.1,3.2766143380814183e-06
HC03_VC72_79.2,0.0
HC03_VC72_79.3,0.0
HC03_VC72_79.4,0.0
HC03_VC72_79.6,0.0
HC03_VC72_79.7,0.0
HC03_VC72_79.8,0.0
HC03_VC72_79.9,0.0
HC03_VC72_80,0.0
HC03_VC72_80.2,4.6756657023258876e-08
HC03_VC72_80.3,0.0
HC03_VC72_80.4,0.0
HC03_VC72_80.5,0.0
HC03_VC72_80.6,0.0
HC03_VC72_80.7,0.0
HC03_VC72_81,4.3223164939089244e-08
HC03_VC72_81.2,0.0
HC03_VC72_81.5,0.0
HC03_VC72_81.6,1.1138383563994951e-07
HC03_VC72_81.7,0.0
HC03_VC72_81.8,0.0
HC03_VC72_82,0.0
HC03_VC72_82.1,0.0
HC03_VC72_82.2,0.0
HC03_VC72_82.3,1.6999180384768697e-08
HC03_VC72_82.4,0.0
HC03_VC72_82.7,0.0
HC03_VC72_82.8,0.0
HC03_VC72_82.9,0.0
HC03_VC72_83,0.0
HC03_VC72_83.1,0.0
HC03_VC72_83.2,2.435018318065934e-07
HC03_VC72_83.3,1.599266587814507e-11
HC03_VC72_83.4,0.0
HC03_VC72_83.5,0.0
HC03_VC72_83.6,0.0
HC03_VC72_83.7,0.0
HC03_VC72_83.8,0.0
HC03_VC72_84.2,4.247036610151641e-06
HC03_VC72_84.5,5.717711231975992e-09
HC03_VC72_84.6,0.0
HC03_VC72_84.8,0.0
HC03_VC72_85.1,0.0
HC03_VC72_85.2,0.0
HC03_VC72_85.4,3.740585414360528e-05
HC03_VC72_85.5,0.0
HC03_VC72_85.6,0.0
HC03_VC72_85.7,1.6872767894673328e-07
HC03_VC72_85.8,0.0
HC03_VC72_85.9,0.0
HC03_VC72_86,0.0
HC03_VC72_86.3,0.0
HC03_VC72_86.4,0.0
HC03_VC72_86.5,0.0
HC03_VC72_87.1,0.0
HC03_VC72_87.3,0.0
HC03_VC72_87.4,1.4250892959522382e-07
HC03_VC72_87.5,0.0
HC03_VC72_87.6,0.0
HC03_VC72_87.7,0.0
HC03_VC72_88.1,0.0
HC03_VC72_88.5,0.0
HC03_VC72_88.7,0.0
HC03_VC72_88.8,0.0
HC03_VC72_88.9,0.0
HC03_VC72_89.2,0.0
HC03_VC72_89.3,0.0
HC03_VC72_89.6,0.0
HC03_VC72_89.8,0.0
HC03_VC72_89.9,9.995416173840668e-13
HC03_VC72_90,0.0
HC03_VC72_90.3,0.0
HC03_VC72_90.5,0.0
HC03_VC72_91.2,0.0
HC03_VC72_91.6,0.0
HC03_VC72_91.7,0.0
HC03_VC72_92,0.0
HC03_VC72_92.2,0.0
HC03_VC72_92.4,0.0
HC03_VC72_92.6,0.0
HC03_VC72_93.4,0.0
HC03_VC72_93.7,0.0
HC03_VC72_93.8,0.0
HC03_VC72_93.9,1.3584525855578744e-07
HC03_VC72_94.1,0.0
HC03_VC72_94.3,0.0
HC03_VC72_94.4,0.0
HC03_VC72_94.8,0.0
HC03_VC72_95.4,0.0
HC03_VC72_95.7,2.1044205854648012e-05
HC03_VC72_95.8,0.0
HC03_VC72_96.1,0.0
HC03_VC72_96.2,0.0
HC03_VC72_96.9,0.0
HC03_VC72_97,0.0
HC03_VC72_97.3,0.0
HC03_VC72_99.1,0.0
HC03_VC150_-,0.0
HC03_VC150_0,6.49333040973314e-07
HC03_VC150_0.1,0.0
HC03_VC150_0.2,0.0
HC03_VC150_0.4,0.0
HC03_VC150_0.6,0.0
HC03_VC150_0.9,0.0
HC03_VC150_1,0.0
HC03_VC150_1.1,0.0
HC03_VC150_1.2,0.0
HC03_VC150_1.3,0.0
HC03_VC150_1.4,0.0
HC03_VC150_1.5,0.00027412196520105265
HC03_VC150_1.6,0.0
HC03_VC150_1.7,0.0
HC03_VC150_1.8,0.0
HC03_VC150_1.9,0.0
HC03_VC150_10.1,0.0
HC03_VC150_10.3,0.0
HC03_VC150_10.4,0.0
HC03_VC150_10.8,0.0
HC03_VC150_11.2,0.0
HC03_VC150_12,1.4149777682764478e-05
HC03_VC150_12.5,0.0
HC03_VC150_12.9,0.0
HC03_VC150_13.6,0.0
HC03_VC150_13.7,0.0
HC03_VC150_14.2,0.0
HC03_VC150_14.5,0.0
HC03_VC150_15,0.0
HC03_VC150_16.1,0.0
HC03_VC150_16.7,0.0
HC03_VC150_18.5,0.0
HC03_VC150_18.8,6.1994996366797105e-06
HC03_VC150_18.9,0.0
HC03_VC150_2,0.0
HC03_VC150_2.1,0.0
HC03_VC150_2.2,0.0
HC03_VC150_2.4,0.0
HC03_VC150_2.5,0.0
HC03_VC150_2.6,0.0
HC03_VC150_2.7,9.893827456142333e-06
HC03_VC150_2.8,0.0
HC03_VC150_2.9,0.0
HC03_VC150_20.9,0.0
HC03_VC150_21.8,0.0
HC03_VC150_22.6,0.0
HC03_VC150_23.7,0.0
HC03_VC150_24.2,0.0
HC03_VC150_27.8,0.0
HC03_VC150_28.8,0.0
HC03_VC150_3,0.0
HC03_VC150_3.1,9.875891643955416e-05
HC03_VC150_3.2,0.0
HC03_VC150_3.3,0.0
HC03_VC150_3.4,1.306825768520975e-07
HC03_VC150_3.5,0.0
HC03_VC150_3.6,0.0
HC03_VC150_3.7,0.0
HC03_VC150_3.8,0.0
HC03_VC150_3.9,0.0
HC03_VC150_39.4,0.0
HC03_VC150_4,0.0
HC03_VC150_4.1,0.0
HC03_VC150_4.2,0.0
HC03_VC150_4.3,0.0
HC03_VC150_4.4,0.0
HC03_VC150_4.5,1.3994387899092703e-06
HC03_VC150_4.7,0.0
HC03_VC150_4.8,0.0
HC03_VC150_40,0.0
HC03_VC150_48.8,0.0
HC03_VC150_5,0.0
HC03_VC150_5.1,0.0
HC03_VC150_5.2,0.0
HC03_VC150_5.3,0.0
HC03_VC150_5.4,0.0
HC03_VC150_5.5,0.0
HC03_VC150_5.6,0.0
HC03_VC150_5.7,0.0
HC03_VC150_5.8,0.0
HC03_VC150_5.9,1.1371581856990173e-05
HC03_VC150_50,3.4304654604898505e-08
HC03_VC150_57,0.0
HC03_VC150_6,0.0
HC03_VC150_6.1,0.0
HC03_VC150_6.2,0.0
HC03_VC150_6.3,0.0
HC03_VC150_6.4,0.0
HC03_VC150_6.6,0.0
HC03_VC150_6.7,0.0
HC03_VC150_66.7,0.0
HC03_VC150_7,0.0
HC03_VC150_7.2,0.0
HC03_VC150_7.3,0.0
HC03_VC150_7.7,0.0
HC03_VC150_7.8,0.000181486162905402
HC03_VC150_7.9,0.0
HC03_VC150_8,0.0
HC03_VC150_8.3,0.0
HC03_VC150_8.6,0.0
HC03_VC150_8.8,0.0
HC03_VC150_8.9,0.0
HC03_VC150_9.1,0.0
HC03_VC150_9.2,0.0
HC03_VC150_9.6,2.5644641066709567e-07
HC03_VC151_-,1.2771476425855317e-08
HC03_VC151_100,6.034999820943131e-07
HC03_VC151_33.3,0.0
HC03_VC151_43,0.0
HC03_VC151_50,0.0
HC03_VC151_51.2,0.0
HC03_VC151_60,0.0
HC03_VC151_60.6,0.0
HC03_VC151_71.2,0.0
HC03_VC151_72.2,0.0
HC03_VC151_75.8,0.0
HC03_VC151_76.3,0.0
HC03_VC151_77.4,0.0
HC03_VC151_78.2,0.0
HC03_VC151_79.1,0.0
HC03_VC151_81.1,0.0
HC03_VC151_81.2,0.0
HC03_VC151_81.5,0.0
HC03_VC151_83.3,0.0
HC03_VC151_83.9,0.0
HC03_VC151_85,0.0
HC03_VC151_85.5,0.0
HC03_VC151_85.8,0.0
HC03_VC151_86.3,0.0
HC03_VC151_86.4,0.0
HC03_VC151_87.1,0.0
HC03_VC151_87.5,0.0
HC03_VC151_88,0.0
HC03_VC151_88.8,0.0
HC03_VC151_89.2,0.0
HC03_VC151_89.6,0.0
HC03_VC151_89.7,0.0
HC03_VC151_89.9,0.0
HC03_VC151_90.4,0.0
HC03_VC151_90.8,0.0
HC03_VC151_90.9,0.0
HC03_VC151_91.1,0.0
HC03_VC151_91.2,0.0
HC03_VC151_91.4,0.0
HC03_VC151_91.7,0.0
HC03_VC151_92,0.0
HC03_VC151_92.1,0.0
HC03_VC151_92.2,0.0
HC03_VC151_92.3,9.928712974053853e-05
HC03_VC151_92.7,0.0
HC03_VC151_92.8,0.0
HC03_VC151_93,0.0
HC03_VC151_93.3,0.0
HC03_VC151_93.4,0.0
HC03_VC151_93.6,0.0
HC03_VC151_93.7,0.0005486982156721796
HC03_VC151_93.8,0.0
HC03_VC151_93.9,0.0
HC03_VC151_94,0.0
HC03_VC151_94.1,0.0
HC03_VC151_94.2,0.0
HC03_VC151_94.3,0.0
HC03_VC151_94.4,0.0
HC03_VC151_94.5,0.0
HC03_VC151_94.6,0.0
HC03_VC151_94.7,0.0
HC03_VC151_94.8,0.0
HC03_VC151_94.9,0.0012419775694856954
HC03_VC151_95,0.0
HC03_VC151_95.2,3.6036807112086856e-07
HC03_VC151_95.3,0.0
HC03_VC151_95.5,0.0
HC03_VC151_95.6,0.0
HC03_VC151_95.7,0.0
HC03_VC151_95.8,0.0
HC03_VC151_95.9,0.0
HC03_VC151_96,0.0
HC03_VC151_96.1,0.0
HC03_VC151_96.2,0.0
HC03_VC151_96.3,0.0
HC03_VC151_96.4,0.0
HC03_VC151_96.5,0.0010823109281385326
HC03_VC151_96.6,0.0
HC03_VC151_96.7,0.0
HC03_VC151_96.8,0.0
HC03_VC151_96.9,3.3187180783583246e-05
HC03_VC151_97,0.0
HC03_VC151_97.1,0.0
HC03_VC151_97.2,0.0
HC03_VC151_97.3,0.0
HC03_VC151_97.4,0.0
HC03_VC151_97.5,0.0
HC03_VC151_97.6,0.0
HC03_VC151_97.8,0.0
HC03_VC151_97.9,0.0
HC03_VC151_98,0.0
HC03_VC151_98.1,0.0
HC03_VC151_98.2,0.0
HC03_VC151_98.3,0.0
HC03_VC151_98.4,0.0
HC03_VC151_98.5,3.6693732517474833e-06
HC03_VC151_98.6,0.0
HC03_VC151_98.7,0.0
HC03_VC151_98.8,0.0
HC03_VC151_98.9,0.0
HC03_VC151_99,0.0
HC03_VC151_99.1,0.0
HC03_VC151_99.4,0.0
HC03_VC151_99.6,0.0
HC03_VC151_99.8,0.0
HC03_VC151_99.9,0.0
