feature,coeff
YYYY,0.0
FIPS_Combined,0.02357902529799078
GEO.id2,8.170521126239431e-16
HC01_VC03,0.2656960379202017
HC02_VC03,-0.22812077347616183
HC03_VC03,0.0009223515682532069
HC01_VC04,-0.02683189157517057
HC02_VC04,1.410949177942543
HC03_VC04,-170.06802933502354
HC04_VC04,1378.0651185213915
HC01_VC05,0.025899017824052545
HC02_VC05,-0.2931901171907162
HC03_VC05,-52.193959052533806
HC04_VC05,218.02937992261263
HC01_VC06,-0.04560453334085232
HC02_VC06,1.8320305707349853
HC03_VC06,-16.559895438195934
HC04_VC06,-133.90373617801725
HC01_VC07,-0.07688767708144938
HC02_VC07,3.3290560918559935
HC03_VC07,-50.50137570597187
HC04_VC07,74.05165792962474
HC01_VC08,1.0793110854946288
HC02_VC08,-11.940130830444817
HC03_VC08,7.1744631328858555
HC04_VC08,512.5673985952308
HC01_VC09,1.1912189132674553
HC02_VC09,-8.256246668485458
HC03_VC09,212.05163078538615
HC04_VC09,220.1714303700382
HC01_VC10,0.26982189690922853
HC02_VC10,-8.834363149583085
HC03_VC10,-12.111808308263816
HC04_VC10,201.3125613514782
HC01_VC11,0.3300018476074076
HC02_VC11,-8.775632676277093
HC03_VC11,246.1296259918422
HC04_VC11,-136.503057685277
HC01_VC12,0.013802682275862205
HC02_VC12,-1.9887538506971056
HC03_VC12,-210.58724056892
HC04_VC12,-661.7359137176752
HC01_VC13,0.03040725429218199
HC02_VC13,-3.56956925050762
HC03_VC13,33.42249209335839
HC04_VC13,-306.78672258769495
HC01_VC14,0.03193351117551156
HC02_VC14,-3.6754923656884273
HC03_VC14,54.97298563945852
HC04_VC14,-9.350965593517754
HC01_VC17,-0.01848866549518728
HC02_VC17,1.334626409324334
HC03_VC17,-5.555991221156179
HC04_VC17,-265.81109721111324
HC01_VC18,-0.01987397310529481
HC02_VC18,-0.0721558059771503
HC03_VC18,-91.65597638951942
HC04_VC18,-64.85300510379102
HC01_VC21,0.0
HC02_VC21,-0.0
HC01_VC22,-0.0
HC02_VC22,0.0
HC01_VC26,0.00014799322985154545
HC02_VC26,0.4628189638000346
HC03_VC26,-0.0005629141118836548
HC01_VC27,0.0010379500615821146
HC02_VC27,1.5037000645452911
HC03_VC27,-40.68589460665291
HC04_VC27,131.1224702577887
HC01_VC28,-0.07790041689274223
HC02_VC28,2.6226013162111106
HC03_VC28,-63.69538172837897
HC04_VC28,-287.50433074190096
HC01_VC29,0.019309908407584182
HC02_VC29,0.46068891033421094
HC03_VC29,-100.57955029899394
HC04_VC29,5.659818481800271
HC01_VC30,0.1752269749924689
HC02_VC30,-3.627299730820616
HC03_VC30,-31.386747337390563
HC04_VC30,315.8471467234481
HC01_VC31,0.047838153865027995
HC02_VC31,-1.1466355324590443
HC03_VC31,16.482239211640692
HC04_VC31,203.1343250871656
HC01_VC32,-0.05275388890670705
HC02_VC32,-3.105982494886128
HC03_VC32,387.9733762095462
HC04_VC32,-528.675181087036
HC01_VC36,-0.002418156654683156
HC03_VC36,-4.807741754988784e-16
HC01_VC37,0.05457267624399811
HC02_VC37,-3.3242450750352983
HC03_VC37,28.71830447231202
HC04_VC37,-37.83888837279656
HC01_VC38,-0.058213912701347084
HC02_VC38,3.135767179089504
HC03_VC38,-7.517805514027424
HC04_VC38,-207.5379467137164
HC01_VC39,1.2096159208705177
HC02_VC39,-5.339836044544406
HC03_VC39,-122.75362264737711
HC04_VC39,16.822287850354662
HC01_VC40,-0.23745860722417117
HC02_VC40,-2.2262255141934184
HC03_VC40,-92.80876933948983
HC04_VC40,311.59355905212084
HC01_VC41,0.011090622463387963
HC02_VC41,-2.4157348865918435
HC03_VC41,60.99914367584069
HC04_VC41,-332.7966290004611
HC01_VC43,0.0030850596652909875
HC03_VC43,0.0
HC01_VC44,0.0642136518757628
HC02_VC44,-3.1701538002324625
HC03_VC44,-58.486852600537624
HC04_VC44,-49.68684685687778
HC01_VC45,-0.06454381693636001
HC02_VC45,1.770349330729024
HC03_VC45,2.296775902867836
HC04_VC45,-388.93410447921536
HC01_VC46,0.877754478048058
HC02_VC46,-6.718905517020437
HC03_VC46,-156.86237929925966
HC04_VC46,375.82382305543786
HC01_VC47,-0.01751288110168736
HC02_VC47,-0.500584187474088
HC03_VC47,-46.35958412267354
HC04_VC47,77.5772921696688
HC01_VC48,-0.009482413372529221
HC02_VC48,-0.8755416675315338
HC03_VC48,-132.98991197708523
HC04_VC48,189.87591087757662
HC01_VC62,0.35880398805646746
HC02_VC62,-0.5227052600059348
HC03_VC62,0.026007727094501464
HC01_VC63,0.46134501897032154
HC02_VC63,-2.965599833971694
HC03_VC63,-2.312429398885396
HC04_VC63,-18.304979875138496
HC01_VC65,-0.9541227428194965
HC02_VC65,-0.6281980176132024
HC03_VC65,-1.529460569695761
HC04_VC65,1.2873361763796147
HC01_VC66,3.739048953074891
HC02_VC66,-3.4600882140040206
HC03_VC66,2.269915648571201
HC04_VC66,0.10750432477830675
HC01_VC67,-3.062905706817511
HC02_VC67,3.360383471758285
HC03_VC67,3.2388314730259213
HC04_VC67,12.765333583726058
HC01_VC68,0.43654152470607344
HC02_VC68,-5.850683258103782
HC03_VC68,7.895342511209769
HC04_VC68,9.141259569954276
HC01_VC70,0.2762102424186202
HC02_VC70,-1.5044204664672676
HC03_VC70,0.12377495632655124
HC01_VC71,0.45181621227927415
HC02_VC71,-2.1714281792320675
HC01_VC72,-0.9849567740948606
HC02_VC72,3.187078411858555
HC01_VC76,-0.020537059672412254
HC02_VC76,0.9416516363665416
HC03_VC76,-0.007251320141083234
HC01_VC77,-0.017293811247950507
HC02_VC77,2.781580340092108
HC03_VC77,13.152868494882936
HC04_VC77,-435.3825065799099
HC01_VC78,-0.34970251875287395
HC02_VC78,3.7147790121536084
HC03_VC78,-44.846268693109245
HC04_VC78,169.34846108390687
HC01_VC79,-0.033891742649716484
HC02_VC79,0.7036367791538564
HC03_VC79,23.078204383585145
HC04_VC79,-36.95931623502646
HC01_VC80,0.010763722356289158
HC02_VC80,2.435934555561927
HC03_VC80,-2.7340717474161917
HC04_VC80,148.90617389434112
HC01_VC81,0.038690075792230494
HC02_VC81,-1.5640463159208875
HC03_VC81,1.5900800847028713
HC04_VC81,134.1095961110752
HC01_VC85,-0.0044764645709287655
HC03_VC85,-4.72848790995169e-17
HC01_VC86,0.31879661184288677
HC02_VC86,0.09769732975546248
HC03_VC86,12.40811066264841
HC04_VC86,82.83907507377506
HC01_VC87,0.05677994402042294
HC02_VC87,-0.5587447690572295
HC03_VC87,-108.36809624078417
HC04_VC87,-0.0
HC01_VC88,-0.04585503241416836
HC02_VC88,1.2283461392499944
HC03_VC88,-2.8539017389961914
HC04_VC88,-1.0907065000638405
HC01_VC89,-0.025952348218392905
HC02_VC89,0.9094152166334325
HC03_VC89,29.987557026063854
HC04_VC89,1.126848704589752
HC01_VC90,-0.11877761041931426
HC02_VC90,0.9949949953903219
HC03_VC90,-63.14680744388041
HC04_VC90,-528.6588242345618
HC01_VC91,-0.03136780056339667
HC02_VC91,1.3378769144662972
HC03_VC91,57.62872454088008
HC04_VC91,-127.68984344220571
HC01_VC92,-0.020954118772760714
HC02_VC92,0.6435060327037605
HC03_VC92,-0.6835449442451697
HC04_VC92,-95.98924110173236
HC03_VC95,-0.4601139961345098
HC04_VC95,-100.35806213476543
HC03_VC96,-2.0415434918008324
HC04_VC96,-305.4154719807334
HC01_VC100,0.0011715521377077041
HC02_VC100,-8.525821196919784
HC03_VC100,0.002678538639747535
HC01_VC101,-0.047279494914361106
HC02_VC101,1.5700166129202726
HC03_VC101,51.05473966160126
HC04_VC101,-79.81193216672493
HC01_VC105,0.0009151446475294589
HC02_VC105,-3.5804369402156753
HC03_VC105,0.0028226191279399865
HC01_VC106,0.02911456299074955
HC02_VC106,-0.07601753623955015
HC03_VC106,56.52183217061009
HC04_VC106,430.86365701278424
HC01_VC108,-0.006920822034540636
HC02_VC108,4.43514666575019
HC03_VC108,-0.001008859150869746
HC01_VC109,0.14483764921738027
HC02_VC109,-0.6532440052308086
HC03_VC109,-113.31981339215618
HC04_VC109,116.96245249030551
HC01_VC111,-0.0012333116126468247
HC02_VC111,1.5544451034620612
HC03_VC111,-0.0013644852129623198
HC01_VC112,0.07041640825033867
HC02_VC112,-0.43280897643190247
HC03_VC112,-40.10961792911265
HC04_VC112,132.79548604494374
HC01_VC114,-0.04204493444384407
HC02_VC114,-0.4888258626697962
HC03_VC114,0.0015925438869838868
HC01_VC115,0.04948575518662099
HC02_VC115,-0.5133959154701356
HC03_VC115,-4.172701694648015
HC04_VC115,0.0
HC01_VC119,-0.00041850940664848606
HC02_VC119,4.470495845624538
HC03_VC119,-0.0028849890290498096
HC01_VC120,-0.0007564133205039853
HC02_VC120,0.9318202353028044
HC03_VC120,24.588400006824934
HC04_VC120,-156.98581505109456
HC01_VC121,0.004003479486337497
HC02_VC121,-0.006296761494179984
HC03_VC121,2.0780023755232917
HC04_VC121,-0.0
HC01_VC122,0.017271511115348692
HC02_VC122,-0.24104473155459247
HC03_VC122,-68.41213531755868
HC04_VC122,139.59061491701402
HC01_VC123,-0.07156321991442179
HC02_VC123,1.6570509101535
HC03_VC123,24.086829067752305
HC04_VC123,-77.21964955638225
HC01_VC124,-0.17334117859564147
HC02_VC124,1.9395162265377688
HC03_VC124,0.14465980141211368
HC04_VC124,-380.7109660785475
HC01_VC125,-0.11750981745028342
HC02_VC125,-1.12287291572792
HC03_VC125,128.7625391781548
HC04_VC125,15.71209713003533
HC01_VC126,0.5682118955750549
HC02_VC126,-7.047321031951473
HC03_VC126,584.0158854241063
HC04_VC126,0.0
HC01_VC130,0.0023266929613253947
HC03_VC130,1.3519852587603757e-19
HC01_VC131,-0.0004741726528412707
HC02_VC131,0.09515180818982291
HC03_VC131,-47.423623375446184
HC04_VC131,27.75637468324881
HC01_VC132,-0.000900365798891174
HC02_VC132,0.5357724645456223
HC03_VC132,-7.507087499853337
HC04_VC132,-35.38682050764792
HC01_VC133,-0.0017246097088639799
HC02_VC133,0.34953476291387536
HC03_VC133,9.251055551245193
HC04_VC133,368.5317811963961
HC01_VC134,-0.002294526585262383
HC02_VC134,-0.1550664950226688
HC03_VC134,-7.764370261747561
HC04_VC134,100.80960538435168
HC01_VC135,0.3644806819383901
HC02_VC135,-0.976814593241661
HC03_VC135,266.02620861140554
HC04_VC135,438.94461028987354
HC01_VC136,-0.01644930679463444
HC02_VC136,-1.188729303783557
HC03_VC136,22.231151008562424
HC04_VC136,0.40942964264786985
HC01_VC140,0.019111028703796072
HC02_VC140,-0.9034291847058409
HC03_VC140,0.016332615681819148
HC01_VC141,-0.0002315994081268409
HC02_VC141,-0.9582036973251447
HC03_VC141,4.266215627404794
HC04_VC141,-3.737304096327358
HC01_VC142,0.023899219463247256
HC02_VC142,0.3057391904090612
HC03_VC142,-0.795153852281081
HC04_VC142,7.70999096115094
HC01_VC146,-0.00030975971783080776
HC02_VC146,-0.14160553905623305
HC03_VC146,0.0022900443960541697
HC01_VC149,0.13165570541660832
HC02_VC149,-0.18343261656179102
HC03_VC149,0.009836465761511997
HC01_VC150,1.0865920620358995
HC02_VC150,-9.184538785925634
HC01_VC151,0.07505418717860605
HC02_VC151,-0.2797340736406154
HC01_VC154,-0.02022028500058328
HC02_VC154,-0.4497375336714465
HC03_VC154,0.008130307359574776
HC01_VC155,0.23852931034412994
HC02_VC155,-2.008478935076167
HC03_VC155,-2.0942319616469507
HC04_VC155,3.0642813806784317
HC01_VC156,6.643741947674215e-05
HC02_VC156,-0.008030580519089468
HC03_VC156,0.0
HC04_VC156,-0.5019865797968164
HC01_VC160,0.0010901758120798995
HC02_VC160,-0.21255318502018056
HC03_VC160,0.0038424316654516433
HC01_VC161,0.17987178519138414
HC02_VC161,-1.9610025361809833
HC03_VC161,-3.12749925124179
HC04_VC161,-26.69697606485326
HC01_VC162,-0.02009930208888698
HC02_VC162,-2.222756418974391
HC03_VC162,-3.700504445579808
HC04_VC162,5.587652177087859
HC01_VC163,0.1309749393863782
HC02_VC163,5.7683721375899335
HC03_VC163,1.8946224495067345
HC04_VC163,-2.5344212247554383
HC01_VC164,-11.718844923517029
HC02_VC164,2.849083413544788
HC03_VC164,8.494886527234758
HC04_VC164,-15.437540550464291
HC01_VC165,-0.07552279287762916
HC02_VC165,0.7552774977460254
HC03_VC165,-3.3354672272732633
HC04_VC165,6.14503396750838
HC01_VC166,-0.4121845825984387
HC02_VC166,6.54850038696335
HC03_VC166,-9.941730164614498
HC04_VC166,15.559547108504065
HC01_VC170,-0.0024863857655858333
HC03_VC170,-9.077513803888404e-17
HC01_VC171,-0.0003576920815458694
HC02_VC171,-0.11526852381505608
HC03_VC171,5.182524394371995
HC04_VC171,-104.80993162707641
HC01_VC172,0.011739304538067935
HC02_VC172,-0.7151969010423543
HC03_VC172,7.722249673759451
HC04_VC172,-24.035188487564447
HC01_VC173,0.03571781812309216
HC02_VC173,0.4191251589677978
HC03_VC173,-78.98194453879469
HC04_VC173,-188.63361043399507
HC01_VC174,-0.02348720151272377
HC02_VC174,0.6183182216635675
HC03_VC174,53.83460469322437
HC04_VC174,729.3368968605753
HC01_VC175,-0.042377301010637615
HC02_VC175,0.9251474357026245
HC03_VC175,-122.55581935273398
HC04_VC175,-151.48690065245688
HC01_VC176,0.006166679549005731
HC02_VC176,0.3437853363900499
HC03_VC176,-128.38113873261545
HC04_VC176,168.50344405020212
HC01_VC177,0.20150721620287465
HC02_VC177,-0.3256541391539291
HC03_VC177,234.64828751738517
HC04_VC177,0.0
HC01_VC178,-0.030741609428341494
HC02_VC178,0.17087804787169755
HC03_VC178,116.57485897013586
HC04_VC178,0.0
HC01_VC179,0.022027153542458284
HC02_VC179,-1.4026395502313724
HC03_VC179,-0.0
HC04_VC179,100.16473156790865
HC01_VC180,-0.18336583123058642
HC02_VC180,1.4589996950823847
HC03_VC180,-730.4596316220034
HC04_VC180,-0.0
HC01_VC181,-0.7202323644824931
HC02_VC181,3.0033109367543154
HC03_VC181,-474.923553576297
HC04_VC181,-0.0
HC01_VC185,0.00036453152382268485
HC03_VC185,0.0
HC01_VC186,-0.0886354010066775
HC02_VC186,1.3439294782896516
HC03_VC186,8.439898611999746
HC04_VC186,-166.31037589329617
HC01_VC187,0.23921238524303584
HC02_VC187,-2.3327574783736758
HC03_VC187,122.1465983602097
HC04_VC187,0.0
HC01_VC188,0.959585800389192
HC02_VC188,-1.9326786110136949
HC03_VC188,301.1467778886205
HC04_VC188,-476.9072688586644
HC01_VC189,-2.2350734478175145
HC02_VC189,2.088114074015494
HC03_VC189,0.0
HC04_VC189,-231.09540088232407
HC01_VC190,-0.8984673680877153
HC02_VC190,6.715808434622205
HC03_VC190,1.1456746342274995
HC04_VC190,-522.1802611779467
HC01_VC191,-0.029442188543750948
HC02_VC191,1.5640676171802579
HC03_VC191,-32.91418487042975
HC04_VC191,-146.20372992250472
HC01_VC192,-0.24228477998247994
HC02_VC192,4.361162347770914
HC03_VC192,-130.92875614959783
HC04_VC192,-35.33021316927066
HC01_VC193,-1.7533866596289727
HC02_VC193,3.9331676776089877
HC03_VC193,-7.256137949203379
HC04_VC193,-828.6946454219268
HC01_VC194,-0.008888769696939596
HC02_VC194,0.7162715667690321
HC03_VC194,-24.22785189971912
HC04_VC194,-125.48363002611035
HC01_VC195,-0.08060753463033794
HC02_VC195,-3.632375523802535
HC03_VC195,4.2109466713195935
HC04_VC195,0.0
HC01_VC196,-0.03221537301260004
HC02_VC196,-0.015905991473880474
HC03_VC196,-0.0
HC04_VC196,-0.0
HC01_VC197,0.013474026890164135
HC02_VC197,0.137520918776567
HC03_VC197,7.375303125126331
HC04_VC197,291.7874065884584
HC01_VC198,-0.0271717316019733
HC02_VC198,0.33198336350074537
HC03_VC198,35.098735769936994
HC04_VC198,-148.76984498284784
HC01_VC199,0.3436841967919428
HC02_VC199,-4.328584132763213
HC03_VC199,1440.3745579134195
HC04_VC199,0.0
HC01_VC200,1.3051948889727596
HC02_VC200,0.7351453857335098
HC03_VC200,-816.7466367053627
HC04_VC200,-0.0
HC01_VC201,-0.14917564239211195
HC02_VC201,0.42267227240330474
HC03_VC201,13.639258635495688
HC04_VC201,-30.62427758477867
HC01_VC202,-2.222790394419719
HC02_VC202,5.008759620266259
HC03_VC202,-0.0
HC04_VC202,-229.7135055416355
HC01_VC203,0.045786009635370425
HC02_VC203,0.5982270490658561
HC03_VC203,-1127.823503779235
HC04_VC203,399.897948556098
HC01_VC204,0.0281242656513384
HC02_VC204,2.806851667858496
HC03_VC204,-309.7119637652682
HC04_VC204,350.8492897379503
HC01_VC205,0.10455114550469997
HC02_VC205,1.7174147869900425
HC03_VC205,-574.7063622956634
HC04_VC205,659.6080028025021
HC01_VC206,0.0978586323185033
HC02_VC206,-2.8627658954000035
HC03_VC206,253.3135802243454
HC04_VC206,-0.0
HC01_VC207,0.08198641232158502
HC02_VC207,2.1645642710651893
HC03_VC207,-510.6358267880968
HC04_VC207,429.4753297044783
HC01_VC208,-0.2747462403020606
HC02_VC208,1.754632384354228
HC03_VC208,13.655328559494764
HC04_VC208,-0.0
HC01_VC209,-1.7511272479187694
HC02_VC209,6.217635049721541
HC03_VC209,206.22098391370633
HC04_VC209,-255.48344758782324
HC01_VC210,-0.011033633794465673
HC02_VC210,-0.15149105650484276
HC03_VC210,-164.1462948881006
HC04_VC210,0.0
HC01_VC211,-0.6485957460090288
HC02_VC211,5.435252936539252
HC03_VC211,-10.830233161602001
HC04_VC211,-317.3321361631203
HC01_VC212,0.8870514868844178
HC02_VC212,-3.838496637491938
HC03_VC212,-32.642459087909245
HC04_VC212,337.4544517370673
COUNTY_ACCOMACK,-0.0
COUNTY_ADAIR,-0.0
COUNTY_ADAMS,0.0
COUNTY_ALBEMARLE,-1906.2276262241803
COUNTY_ALEXANDRIA CITY,-0.0
COUNTY_ALLEGHANY,-450.5172349734629
COUNTY_ALLEGHENY,0.0
COUNTY_ALLEN,0.0
COUNTY_AMELIA,-0.0
COUNTY_AMHERST,-0.0
COUNTY_ANDERSON,-0.0
COUNTY_APPOMATTOX,-0.0
COUNTY_ARLINGTON,-0.0
COUNTY_ARMSTRONG,-5.213583306385746
COUNTY_ASHLAND,559.4420328336523
COUNTY_ASHTABULA,0.0
COUNTY_ATHENS,-0.0
COUNTY_AUGLAIZE,-1135.383288512707
COUNTY_AUGUSTA,0.0
COUNTY_BALLARD,23.148041689987775
COUNTY_BARBOUR,-0.0
COUNTY_BARREN,0.0
COUNTY_BATH,0.0
COUNTY_BEAVER,-834.7140584944885
COUNTY_BEDFORD,1306.7448916807866
COUNTY_BEDFORD CITY,0.0
COUNTY_BELL,-0.0
COUNTY_BELMONT,1160.8143220520888
COUNTY_BERKELEY,-2588.574759251709
COUNTY_BERKS,-1983.1482352612734
COUNTY_BLAIR,-818.7400611578581
COUNTY_BLAND,0.0
COUNTY_BOONE,0.0
COUNTY_BOTETOURT,-0.0
COUNTY_BOURBON,-3.0744014396901584
COUNTY_BOYD,735.358416435238
COUNTY_BOYLE,0.0
COUNTY_BRACKEN,647.8602765712928
COUNTY_BRADFORD,-0.0
COUNTY_BRAXTON,572.8550702032666
COUNTY_BREATHITT,-5.136744556100186
COUNTY_BRECKINRIDGE,-0.0
COUNTY_BRISTOL,0.0
COUNTY_BROOKE,0.0
COUNTY_BROWN,0.0
COUNTY_BRUNSWICK,416.1120139943562
COUNTY_BUCHANAN,416.6663632053692
COUNTY_BUCKINGHAM,0.0
COUNTY_BUCKS,-12346.651934825653
COUNTY_BUENA VISTA CITY,-0.0
COUNTY_BULLITT,0.0
COUNTY_BUTLER,-0.0
COUNTY_CABELL,-129.30362245273622
COUNTY_CALDWELL,0.0
COUNTY_CALLOWAY,-0.0
COUNTY_CAMBRIA,2012.536507164963
COUNTY_CAMERON,-0.0
COUNTY_CAMPBELL,0.0
COUNTY_CARBON,527.6999432270437
COUNTY_CAROLINE,52.92574632705418
COUNTY_CARROLL,-0.0
COUNTY_CARTER,-118.84632259007712
COUNTY_CASEY,0.0
COUNTY_CENTRE,1507.673136364691
COUNTY_CHAMPAIGN,-66.31821961286948
COUNTY_CHARLES CITY,-492.4599102193011
COUNTY_CHARLOTTE,-706.6560018050951
COUNTY_CHARLOTTESVILLE CITY,0.0
COUNTY_CHESAPEAKE CITY,0.0
COUNTY_CHESTER,-0.0
COUNTY_CHESTERFIELD,-0.0
COUNTY_CHRISTIAN,-0.0
COUNTY_CLARION,-0.0
COUNTY_CLARK,-0.0
COUNTY_CLARKE,-0.0
COUNTY_CLAY,937.6731159723319
COUNTY_CLEARFIELD,2.225665329276809
COUNTY_CLERMONT,-0.0
COUNTY_CLINTON,147.34228517030488
COUNTY_COLONIAL HEIGHTS CITY,0.0
COUNTY_COLUMBIA,-0.0
COUNTY_COLUMBIANA,0.0
COUNTY_COSHOCTON,-548.841419071814
COUNTY_CRAIG,-0.0
COUNTY_CRAWFORD,0.0
COUNTY_CRITTENDEN,-0.0
COUNTY_CULPEPER,0.0
COUNTY_CUMBERLAND,0.0
COUNTY_CUYAHOGA,20493.970952050113
COUNTY_DANVILLE CITY,-0.0
COUNTY_DARKE,-171.9598129561031
COUNTY_DAUPHIN,3809.1351084927983
COUNTY_DAVIESS,-0.0
COUNTY_DEFIANCE,2556.8049331365055
COUNTY_DELAWARE,3465.0719290870743
COUNTY_DICKENSON,-0.0
COUNTY_DINWIDDIE,-160.1529776488453
COUNTY_DODDRIDGE,52.21600914848564
COUNTY_EDMONSON,0.0
COUNTY_ELK,-0.0
COUNTY_ELLIOTT,0.0
COUNTY_EMPORIA CITY,-13.882865102128557
COUNTY_ERIE,0.0
COUNTY_ESSEX,0.0
COUNTY_ESTILL,-0.0
COUNTY_FAIRFAX,0.0
COUNTY_FAIRFAX CITY,-0.0
COUNTY_FAIRFIELD,6419.057027155762
COUNTY_FALLS CHURCH CITY,0.0
COUNTY_FAUQUIER,0.0
COUNTY_FAYETTE,-299.15309748863706
COUNTY_FLEMING,0.0
COUNTY_FLOYD,0.0
COUNTY_FLUVANNA,-68.36068680215945
COUNTY_FRANKLIN,1263.7656893361973
COUNTY_FRANKLIN CITY,-0.0
COUNTY_FREDERICK,284.3299839947094
COUNTY_FREDERICKSBURG CITY,0.0
COUNTY_FULTON,14.602254946394412
COUNTY_GALAX CITY,0.0
COUNTY_GALLATIN,-0.0
COUNTY_GALLIA,-0.0
COUNTY_GARRARD,-0.0
COUNTY_GEAUGA,-651.6544930734733
COUNTY_GILES,0.0
COUNTY_GILMER,-0.0
COUNTY_GLOUCESTER,-0.0
COUNTY_GOOCHLAND,0.0
COUNTY_GRANT,-0.0
COUNTY_GRAVES,0.0
COUNTY_GRAYSON,0.0
COUNTY_GREEN,41.238794773498
COUNTY_GREENBRIER,-996.1564279095403
COUNTY_GREENE,995.7592545601947
COUNTY_GREENSVILLE,-0.0
COUNTY_GREENUP,-64.83282177411127
COUNTY_GUERNSEY,0.0
COUNTY_HALIFAX,348.1324465589455
COUNTY_HAMILTON,35781.061226156795
COUNTY_HAMPSHIRE,-0.0
COUNTY_HAMPTON CITY,-2075.896444263445
COUNTY_HANCOCK,432.357641255886
COUNTY_HANOVER,2941.368767050418
COUNTY_HARDIN,0.0
COUNTY_HARDY,0.0
COUNTY_HARLAN,1171.3834219579317
COUNTY_HARRISON,211.95046167734827
COUNTY_HARRISONBURG CITY,-0.0
COUNTY_HART,-0.0
COUNTY_HENDERSON,-0.0
COUNTY_HENRICO,-10229.711986394455
COUNTY_HENRY,-185.8833685916021
COUNTY_HICKMAN,0.0
COUNTY_HIGHLAND,1342.0370997725834
COUNTY_HOCKING,-49.27150707047979
COUNTY_HOLMES,-0.0
COUNTY_HOPEWELL CITY,812.7706932965059
COUNTY_HOPKINS,0.0
COUNTY_HUNTINGDON,-0.0
COUNTY_HURON,0.0
COUNTY_INDIANA,-671.2289468904836
COUNTY_ISLE OF WIGHT,0.0
COUNTY_JACKSON,-600.8367181804022
COUNTY_JAMES CITY,-0.0
COUNTY_JEFFERSON,-733.6899127247938
COUNTY_JESSAMINE,0.0
COUNTY_JOHNSON,373.3576258571092
COUNTY_JUNIATA,0.0
COUNTY_KANAWHA,-0.0
COUNTY_KENTON,-0.0
COUNTY_KING AND QUEEN,0.0
COUNTY_KING GEORGE,-0.0
COUNTY_KING WILLIAM,0.0
COUNTY_KNOTT,0.0
COUNTY_KNOX,-0.0
COUNTY_LACKAWANNA,0.0
COUNTY_LAKE,18481.173063564365
COUNTY_LANCASTER,-0.0
COUNTY_LAUREL,-33.81074650186743
COUNTY_LAWRENCE,0.0
COUNTY_LEBANON,4869.94839702223
COUNTY_LEE,-677.3974499224756
COUNTY_LEHIGH,-225.29577620497795
COUNTY_LESLIE,-0.0
COUNTY_LETCHER,-365.49251262937463
COUNTY_LEWIS,0.0
COUNTY_LEXINGTON CITY,0.0
COUNTY_LICKING,270.58187150527243
COUNTY_LINCOLN,-0.0
COUNTY_LIVINGSTON,-0.0
COUNTY_LOGAN,-0.0
COUNTY_LORAIN,-14192.226103007153
COUNTY_LOUDOUN,1478.3001107582481
COUNTY_LOUISA,-1996.485704327352
COUNTY_LUCAS,-8795.193250737355
COUNTY_LUNENBURG,0.0
COUNTY_LUZERNE,-0.0
COUNTY_LYCOMING,325.33360153220633
COUNTY_LYNCHBURG CITY,-0.0
COUNTY_LYON,0.0
COUNTY_MADISON,0.0
COUNTY_MAGOFFIN,0.0
COUNTY_MAHONING,5058.909275469366
COUNTY_MANASSAS CITY,0.0
COUNTY_MARION,-0.0
COUNTY_MARSHALL,330.6172816579604
COUNTY_MARTIN,0.0
COUNTY_MARTINSVILLE CITY,0.0
COUNTY_MASON,23.141316978931368
COUNTY_MATHEWS,0.0
COUNTY_MCCRACKEN,-0.0
COUNTY_MCCREARY,0.0
COUNTY_MCDOWELL,-0.0
COUNTY_MCKEAN,124.67160138075378
COUNTY_MCLEAN,-0.0
COUNTY_MEADE,-0.0
COUNTY_MECKLENBURG,-0.0
COUNTY_MEDINA,0.0
COUNTY_MEIGS,0.0
COUNTY_MENIFEE,0.0
COUNTY_MERCER,-697.6685156318598
COUNTY_METCALFE,0.0
COUNTY_MIAMI,21.256067961812974
COUNTY_MIDDLESEX,0.0
COUNTY_MIFFLIN,441.4392131197775
COUNTY_MINERAL,0.0
COUNTY_MINGO,-0.0
COUNTY_MONONGALIA,-3621.727701336194
COUNTY_MONROE,-92.3072637163656
COUNTY_MONTGOMERY,2844.9456197518475
COUNTY_MONTOUR,-0.0
COUNTY_MORGAN,313.26234074337555
COUNTY_MORROW,-201.25148620569001
COUNTY_MUHLENBERG,0.0
COUNTY_MUSKINGUM,-1821.1721465260805
COUNTY_NELSON,-575.9734735105134
COUNTY_NEW KENT,-0.0
COUNTY_NEWPORT NEWS CITY,0.0
COUNTY_NICHOLAS,1475.0821435302303
COUNTY_NOBLE,-0.0
COUNTY_NORFOLK CITY,-0.0
COUNTY_NORTHAMPTON,-26.619639941075324
COUNTY_NORTHUMBERLAND,-170.88196668417856
COUNTY_NOTTOWAY,-0.0
COUNTY_OHIO,-0.0
COUNTY_OLDHAM,-0.0
COUNTY_ORANGE,-1755.9373916798497
COUNTY_OTTAWA,855.3690279362683
COUNTY_OWEN,-0.0
COUNTY_OWSLEY,0.0
COUNTY_PAGE,-0.0
COUNTY_PATRICK,-0.0
COUNTY_PAULDING,-571.5714636429353
COUNTY_PENDLETON,0.0
COUNTY_PERRY,-113.98739797106988
COUNTY_PETERSBURG CITY,0.0
COUNTY_PHILADELPHIA,0.0
COUNTY_PICKAWAY,460.85241223773386
COUNTY_PIKE,-984.0680469747132
COUNTY_PITTSYLVANIA,0.0
COUNTY_PLEASANTS,0.0
COUNTY_POCAHONTAS,0.0
COUNTY_POQUOSON CITY,0.0
COUNTY_PORTAGE,14972.08319473247
COUNTY_PORTSMOUTH CITY,-0.0
COUNTY_POTTER,0.0
COUNTY_POWELL,-0.0
COUNTY_POWHATAN,-0.0
COUNTY_PREBLE,-0.0
COUNTY_PRESTON,-145.8295174249828
COUNTY_PRINCE EDWARD,5.443283074621032
COUNTY_PRINCE GEORGE,-0.0
COUNTY_PRINCE WILLIAM,0.0
COUNTY_PULASKI,0.0
COUNTY_PUTNAM,-248.3130057273777
COUNTY_RADFORD,0.0
COUNTY_RALEIGH,0.0
COUNTY_RANDOLPH,-0.0
COUNTY_RAPPAHANNOCK,-0.0
COUNTY_RICHLAND,-161.60685222831071
COUNTY_RICHMOND,5686.60785183469
COUNTY_RITCHIE,0.0
COUNTY_ROANOKE,2263.1632601926576
COUNTY_ROBERTSON,-0.0
COUNTY_ROCKBRIDGE,1009.3940134819815
COUNTY_ROCKCASTLE,0.0
COUNTY_ROCKINGHAM,211.05473846672032
COUNTY_ROSS,-0.0
COUNTY_ROWAN,-0.0
COUNTY_RUSSELL,0.0
COUNTY_SALEM,0.0
COUNTY_SANDUSKY,-0.0
COUNTY_SCHUYLKILL,0.0
COUNTY_SCIOTO,-241.2743662188974
COUNTY_SCOTT,-0.0
COUNTY_SENECA,233.8508994472346
COUNTY_SHELBY,-0.0
COUNTY_SHENANDOAH,0.0
COUNTY_SIMPSON,-0.0
COUNTY_SMYTH,0.0
COUNTY_SNYDER,-0.0
COUNTY_SOMERSET,-0.0
COUNTY_SOUTHAMPTON,0.0
COUNTY_SPENCER,0.0
COUNTY_SPOTSYLVANIA,0.0
COUNTY_STAFFORD,3363.799331573248
COUNTY_STARK,-8750.655910566507
COUNTY_STAUNTON CITY,-0.0
COUNTY_SUFFOLK CITY,-0.0
COUNTY_SULLIVAN,516.4068817563289
COUNTY_SUMMERS,-0.0
COUNTY_SUMMIT,-15195.509895117626
COUNTY_SURRY,-0.0
COUNTY_SUSQUEHANNA,-0.0
COUNTY_SUSSEX,-1507.259057202388
COUNTY_TAYLOR,0.0
COUNTY_TAZEWELL,2852.944957076664
COUNTY_TIOGA,0.0
COUNTY_TODD,-0.0
COUNTY_TRIGG,0.0
COUNTY_TRIMBLE,0.0
COUNTY_TRUMBULL,-0.0
COUNTY_TUSCARAWAS,0.0
COUNTY_UNION,-953.0812728796238
COUNTY_UPSHUR,52.237325574529244
COUNTY_VAN WERT,0.0
COUNTY_VENANGO,0.0
COUNTY_VINTON,-235.73882786369353
COUNTY_VIRGINIA BEACH CITY,-3611.285723352314
COUNTY_WARREN,-0.0
COUNTY_WASHINGTON,-175.53790004973425
COUNTY_WAYNE,-43.39418090143092
COUNTY_WAYNESBORO CITY,-537.3578450812881
COUNTY_WEBSTER,483.35171654393804
COUNTY_WESTMORELAND,-0.0
COUNTY_WETZEL,-0.09901444286645598
COUNTY_WHITLEY,1085.6201317202747
COUNTY_WILLIAMS,-1086.270931652334
COUNTY_WILLIAMSBURG CITY,-0.0
COUNTY_WINCHESTER CITY,0.0
COUNTY_WISE,2305.651859992659
COUNTY_WOLFE,-0.0
COUNTY_WOOD,0.0
COUNTY_WOODFORD,0.0
COUNTY_WYANDOT,0.0
COUNTY_WYOMING,-1046.5760199234255
COUNTY_WYTHE,1092.4555123698135
COUNTY_YORK,1099.3578716756363
State_KY,-0.0
State_OH,439.13923156980456
State_PA,-76.46181298288187
State_VA,47.890855856624775
State_WV,-985.7143721324552
GEO.id_0500000US21001,-0.0
GEO.id_0500000US21003,-0.0
GEO.id_0500000US21005,-0.0
GEO.id_0500000US21007,84.25624537953715
GEO.id_0500000US21009,0.0
GEO.id_0500000US21011,0.0
GEO.id_0500000US21013,-0.0
GEO.id_0500000US21015,0.0
GEO.id_0500000US21017,-91.231368861937
GEO.id_0500000US21019,143.97518534818306
GEO.id_0500000US21021,0.0
GEO.id_0500000US21023,33.261063698535594
GEO.id_0500000US21025,-0.0
GEO.id_0500000US21027,-164.24320601805712
GEO.id_0500000US21029,0.0
GEO.id_0500000US21031,-0.0
GEO.id_0500000US21033,0.0
GEO.id_0500000US21035,-0.0
GEO.id_0500000US21037,1151.4186050024673
GEO.id_0500000US21041,0.0
GEO.id_0500000US21043,-0.0
GEO.id_0500000US21045,0.0
GEO.id_0500000US21047,-0.0
GEO.id_0500000US21049,0.0
GEO.id_0500000US21051,0.0
GEO.id_0500000US21053,0.0
GEO.id_0500000US21055,-0.0
GEO.id_0500000US21057,0.0
GEO.id_0500000US21059,-0.0
GEO.id_0500000US21061,0.0
GEO.id_0500000US21063,0.0
GEO.id_0500000US21065,-0.0
GEO.id_0500000US21067,0.0
GEO.id_0500000US21069,0.0
GEO.id_0500000US21071,0.0
GEO.id_0500000US21073,0.0
GEO.id_0500000US21075,-0.0
GEO.id_0500000US21077,-0.0
GEO.id_0500000US21079,-0.0
GEO.id_0500000US21081,-0.0
GEO.id_0500000US21083,0.0
GEO.id_0500000US21085,203.73400771923124
GEO.id_0500000US21087,3.414350415326431
GEO.id_0500000US21089,-318.12045749160376
GEO.id_0500000US21093,0.0
GEO.id_0500000US21095,42.13987702990191
GEO.id_0500000US21097,-0.0
GEO.id_0500000US21099,-0.0
GEO.id_0500000US21101,-319.3556447549233
GEO.id_0500000US21103,0.0
GEO.id_0500000US21105,0.0
GEO.id_0500000US21107,0.0
GEO.id_0500000US21109,-0.0
GEO.id_0500000US21111,-4775.892623317839
GEO.id_0500000US21113,0.0
GEO.id_0500000US21115,48.79579884056404
GEO.id_0500000US21117,-0.0
GEO.id_0500000US21119,0.0
GEO.id_0500000US21121,0.0
GEO.id_0500000US21125,-0.0
GEO.id_0500000US21127,-0.0
GEO.id_0500000US21129,-0.0
GEO.id_0500000US21131,-0.0
GEO.id_0500000US21133,-0.0
GEO.id_0500000US21135,-0.0
GEO.id_0500000US21137,-0.0
GEO.id_0500000US21139,-0.0
GEO.id_0500000US21141,0.0
GEO.id_0500000US21143,0.0
GEO.id_0500000US21145,-0.0
GEO.id_0500000US21147,0.0
GEO.id_0500000US21149,-0.0
GEO.id_0500000US21151,-0.0
GEO.id_0500000US21153,0.0
GEO.id_0500000US21155,-734.7032451030705
GEO.id_0500000US21157,0.0
GEO.id_0500000US21159,0.0
GEO.id_0500000US21161,-0.0
GEO.id_0500000US21163,-0.0
GEO.id_0500000US21165,0.0
GEO.id_0500000US21167,-592.254403954924
GEO.id_0500000US21169,0.0
GEO.id_0500000US21171,-0.0
GEO.id_0500000US21173,-0.0
GEO.id_0500000US21175,-0.0
GEO.id_0500000US21177,0.0
GEO.id_0500000US21179,-0.0
GEO.id_0500000US21181,0.0
GEO.id_0500000US21183,-1442.8899037952644
GEO.id_0500000US21185,-0.0
GEO.id_0500000US21187,-0.0
GEO.id_0500000US21189,0.0
GEO.id_0500000US21191,0.0
GEO.id_0500000US21193,544.8845307730193
GEO.id_0500000US21195,-0.0
GEO.id_0500000US21197,-0.0
GEO.id_0500000US21199,-3173.0391564214992
GEO.id_0500000US21201,-0.0
GEO.id_0500000US21203,0.0
GEO.id_0500000US21205,-0.0
GEO.id_0500000US21207,0.0
GEO.id_0500000US21209,-0.0
GEO.id_0500000US21211,-1.3472906424684188
GEO.id_0500000US21213,-0.0
GEO.id_0500000US21215,0.0
GEO.id_0500000US21217,-0.0
GEO.id_0500000US21219,-0.0
GEO.id_0500000US21221,0.0
GEO.id_0500000US21223,0.0
GEO.id_0500000US21225,0.0
GEO.id_0500000US21227,-595.5952882435474
GEO.id_0500000US21229,-0.0
GEO.id_0500000US21231,-0.0
GEO.id_0500000US21233,0.0
GEO.id_0500000US21235,31.873374586111055
GEO.id_0500000US21237,-0.0
GEO.id_0500000US21239,0.0
GEO.id_0500000US39001,0.0
GEO.id_0500000US39003,0.0
GEO.id_0500000US39005,222.79321608203261
GEO.id_0500000US39007,0.0
GEO.id_0500000US39009,-0.0
GEO.id_0500000US39011,-39.3881351821824
GEO.id_0500000US39013,245.4251833907558
GEO.id_0500000US39015,0.0
GEO.id_0500000US39017,5187.019863423515
GEO.id_0500000US39019,-614.4996353410145
GEO.id_0500000US39021,-52.067983424550626
GEO.id_0500000US39023,-6610.732618339278
GEO.id_0500000US39025,-0.0
GEO.id_0500000US39027,0.0
GEO.id_0500000US39029,0.0
GEO.id_0500000US39031,-250.88542357183633
GEO.id_0500000US39033,0.0
GEO.id_0500000US39035,167.42403979081917
GEO.id_0500000US39037,-211.44476796652742
GEO.id_0500000US39039,157.74544225670687
GEO.id_0500000US39041,0.0
GEO.id_0500000US39043,5211.675556977527
GEO.id_0500000US39045,237.10747883461477
GEO.id_0500000US39047,0.0
GEO.id_0500000US39049,-0.0
GEO.id_0500000US39051,0.0
GEO.id_0500000US39053,-0.0
GEO.id_0500000US39055,-41.067014328612466
GEO.id_0500000US39057,777.8664015073416
GEO.id_0500000US39059,0.0
GEO.id_0500000US39061,266.40743489459106
GEO.id_0500000US39063,0.0
GEO.id_0500000US39065,-0.0
GEO.id_0500000US39067,0.0
GEO.id_0500000US39069,-0.0
GEO.id_0500000US39071,60.29880138738768
GEO.id_0500000US39073,-42.65652314926445
GEO.id_0500000US39075,-0.0
GEO.id_0500000US39077,89.94925639401488
GEO.id_0500000US39079,-0.0
GEO.id_0500000US39081,0.0
GEO.id_0500000US39083,-1567.457996195775
GEO.id_0500000US39085,179.97302686070364
GEO.id_0500000US39087,-0.0
GEO.id_0500000US39089,173.318556763213
GEO.id_0500000US39091,-1854.448841752097
GEO.id_0500000US39093,-477.831324013787
GEO.id_0500000US39095,-458.0206793501841
GEO.id_0500000US39097,0.0
GEO.id_0500000US39099,140.87315428794423
GEO.id_0500000US39101,0.0
GEO.id_0500000US39103,0.0
GEO.id_0500000US39105,0.0
GEO.id_0500000US39107,-0.0
GEO.id_0500000US39109,42.394079625012964
GEO.id_0500000US39111,-0.0
GEO.id_0500000US39113,56706.7386849793
GEO.id_0500000US39115,0.0
GEO.id_0500000US39117,-39.602293322086595
GEO.id_0500000US39119,-354.4383005640734
GEO.id_0500000US39121,-0.0
GEO.id_0500000US39123,173.26905925008754
GEO.id_0500000US39125,-39.32663266469896
GEO.id_0500000US39127,-481.7316155825682
GEO.id_0500000US39129,198.6140435014886
GEO.id_0500000US39131,-0.0
GEO.id_0500000US39133,203.79332250327056
GEO.id_0500000US39135,-0.0
GEO.id_0500000US39137,-0.0
GEO.id_0500000US39139,-380.38234674619844
GEO.id_0500000US39141,-0.0
GEO.id_0500000US39143,-0.0
GEO.id_0500000US39145,-138.51831482548343
GEO.id_0500000US39147,17.62922032977364
GEO.id_0500000US39149,351.84094092080926
GEO.id_0500000US39151,-389.1836254858679
GEO.id_0500000US39153,-357.1434474851898
GEO.id_0500000US39155,-0.0
GEO.id_0500000US39157,0.0
GEO.id_0500000US39159,-0.28070833241072246
GEO.id_0500000US39161,0.0
GEO.id_0500000US39163,-354.1397809736934
GEO.id_0500000US39165,0.0
GEO.id_0500000US39167,0.0
GEO.id_0500000US39169,3729.5303055456275
GEO.id_0500000US39171,-337.4720482424672
GEO.id_0500000US39173,0.0
GEO.id_0500000US39175,0.0
GEO.id_0500000US42001,0.0
GEO.id_0500000US42003,0.0
GEO.id_0500000US42005,-0.0
GEO.id_0500000US42007,-63.3001717441011
GEO.id_0500000US42009,0.0
GEO.id_0500000US42011,-158.2866631825038
GEO.id_0500000US42013,-160.82739857461894
GEO.id_0500000US42015,-0.0
GEO.id_0500000US42017,-188.07053737994647
GEO.id_0500000US42019,-1874.2356130270448
GEO.id_0500000US42021,345.0599267756197
GEO.id_0500000US42023,-0.0
GEO.id_0500000US42025,171.30816324869122
GEO.id_0500000US42027,341.80188997395135
GEO.id_0500000US42029,-0.0
GEO.id_0500000US42031,-0.0
GEO.id_0500000US42033,1.4664246313166014
GEO.id_0500000US42035,-0.0
GEO.id_0500000US42037,-0.0
GEO.id_0500000US42039,0.0
GEO.id_0500000US42041,0.0
GEO.id_0500000US42043,287.33282913117097
GEO.id_0500000US42045,9295.285015901984
GEO.id_0500000US42047,-0.0
GEO.id_0500000US42049,-0.0
GEO.id_0500000US42051,-745.024291254901
GEO.id_0500000US42055,0.0
GEO.id_0500000US42057,87.10151495714824
GEO.id_0500000US42059,0.0
GEO.id_0500000US42061,-0.0
GEO.id_0500000US42063,-226.07220401722827
GEO.id_0500000US42065,0.0
GEO.id_0500000US42067,0.0
GEO.id_0500000US42069,0.0
GEO.id_0500000US42071,-0.0
GEO.id_0500000US42073,578.0187401752121
GEO.id_0500000US42075,209.8017626450964
GEO.id_0500000US42077,-293.8952225523155
GEO.id_0500000US42079,-0.0
GEO.id_0500000US42081,205.63456839692824
GEO.id_0500000US42083,25.487802838361336
GEO.id_0500000US42085,0.0
GEO.id_0500000US42087,71.4493535991734
GEO.id_0500000US42089,-0.0
GEO.id_0500000US42091,-26144.416655905556
GEO.id_0500000US42093,-0.0
GEO.id_0500000US42095,-451.1211412979466
GEO.id_0500000US42097,-0.0
GEO.id_0500000US42099,-114.36904776658348
GEO.id_0500000US42101,0.0
GEO.id_0500000US42103,-0.0
GEO.id_0500000US42105,0.0
GEO.id_0500000US42107,0.0
GEO.id_0500000US42109,-0.0
GEO.id_0500000US42111,-0.0
GEO.id_0500000US42113,250.81041445914187
GEO.id_0500000US42115,-0.0
GEO.id_0500000US42117,0.0
GEO.id_0500000US42119,-0.0
GEO.id_0500000US42121,0.0
GEO.id_0500000US42123,-0.0
GEO.id_0500000US42125,-0.0
GEO.id_0500000US42127,-1192.2878885391588
GEO.id_0500000US42129,-942.0686163429228
GEO.id_0500000US42131,-0.0
GEO.id_0500000US42133,12740.616573803154
GEO.id_0500000US51001,-0.0
GEO.id_0500000US51003,-4.43433362785416
GEO.id_0500000US51005,-4.245696226593658
GEO.id_0500000US51007,-0.0
GEO.id_0500000US51009,-0.0
GEO.id_0500000US51011,-0.0
GEO.id_0500000US51013,-0.0
GEO.id_0500000US51015,0.0
GEO.id_0500000US51017,-0.0
GEO.id_0500000US51019,794.5572197786634
GEO.id_0500000US51021,0.0
GEO.id_0500000US51023,-0.0
GEO.id_0500000US51025,79.44043004593767
GEO.id_0500000US51027,9.279311460979653
GEO.id_0500000US51029,0.0
GEO.id_0500000US51031,-1167.9139110479496
GEO.id_0500000US51033,6.5521119030271135
GEO.id_0500000US51035,0.0
GEO.id_0500000US51036,-7.402386378882869
GEO.id_0500000US51037,-7.0695912996891535
GEO.id_0500000US51041,-0.0
GEO.id_0500000US51043,-0.0
GEO.id_0500000US51045,-0.0
GEO.id_0500000US51047,0.6217655779756492
GEO.id_0500000US51049,0.0
GEO.id_0500000US51051,-0.0
GEO.id_0500000US51053,-5.426921947917204
GEO.id_0500000US51057,0.0
GEO.id_0500000US51059,0.0
GEO.id_0500000US51061,0.0
GEO.id_0500000US51063,-0.0
GEO.id_0500000US51065,-5.548356106085493
GEO.id_0500000US51067,0.0
GEO.id_0500000US51069,293.42204169670055
GEO.id_0500000US51071,0.0
GEO.id_0500000US51073,-0.0
GEO.id_0500000US51075,0.0
GEO.id_0500000US51077,-0.0
GEO.id_0500000US51079,-0.0
GEO.id_0500000US51081,-0.0
GEO.id_0500000US51083,105.96301110489281
GEO.id_0500000US51085,333.6521577217758
GEO.id_0500000US51087,-5.4775893698826
GEO.id_0500000US51089,-647.4605698936767
GEO.id_0500000US51093,0.0
GEO.id_0500000US51095,-0.0
GEO.id_0500000US51097,0.0
GEO.id_0500000US51099,-0.0
GEO.id_0500000US51101,0.0
GEO.id_0500000US51103,0.0
GEO.id_0500000US51105,-289.26470514309096
GEO.id_0500000US51107,220.26980345728558
GEO.id_0500000US51109,-4.248271063242317
GEO.id_0500000US51111,0.0
GEO.id_0500000US51113,0.0
GEO.id_0500000US51115,0.0
GEO.id_0500000US51117,-0.0
GEO.id_0500000US51119,0.0
GEO.id_0500000US51121,518.8264945350094
GEO.id_0500000US51125,-0.0
GEO.id_0500000US51127,-0.0
GEO.id_0500000US51131,-0.0
GEO.id_0500000US51133,-0.0
GEO.id_0500000US51135,-0.0
GEO.id_0500000US51137,-4.841837837394903
GEO.id_0500000US51139,-0.0
GEO.id_0500000US51141,-0.0
GEO.id_0500000US51143,-0.0
GEO.id_0500000US51145,-0.0
GEO.id_0500000US51147,0.0
GEO.id_0500000US51149,-0.0
GEO.id_0500000US51153,0.0
GEO.id_0500000US51155,4550.959500171511
GEO.id_0500000US51157,-0.0
GEO.id_0500000US51163,198.42931250606955
GEO.id_0500000US51165,211.36165679289496
GEO.id_0500000US51167,-0.0
GEO.id_0500000US51169,-0.0
GEO.id_0500000US51171,0.0
GEO.id_0500000US51173,0.0
GEO.id_0500000US51175,0.0
GEO.id_0500000US51177,0.0
GEO.id_0500000US51179,227.3620828327374
GEO.id_0500000US51181,-0.0
GEO.id_0500000US51183,-4.938853800476269
GEO.id_0500000US51185,179.0017489312264
GEO.id_0500000US51187,2278.1275290046906
GEO.id_0500000US51191,-45.916158006426066
GEO.id_0500000US51193,0.0
GEO.id_0500000US51195,174.4492507725312
GEO.id_0500000US51197,169.68528148481087
GEO.id_0500000US51199,-0.0
GEO.id_0500000US51510,-0.0
GEO.id_0500000US51515,0.0
GEO.id_0500000US51520,0.0
GEO.id_0500000US51530,-0.0
GEO.id_0500000US51540,0.0
GEO.id_0500000US51550,0.0
GEO.id_0500000US51570,0.0
GEO.id_0500000US51590,-0.0
GEO.id_0500000US51595,-5.6647977547279496
GEO.id_0500000US51600,-0.0
GEO.id_0500000US51610,0.0
GEO.id_0500000US51620,-0.0
GEO.id_0500000US51630,0.0
GEO.id_0500000US51640,0.0
GEO.id_0500000US51650,-4.873083426239924
GEO.id_0500000US51660,-0.0
GEO.id_0500000US51670,142.99228611606964
GEO.id_0500000US51678,0.0
GEO.id_0500000US51680,-0.0
GEO.id_0500000US51683,0.0
GEO.id_0500000US51690,0.0
GEO.id_0500000US51700,0.0
GEO.id_0500000US51710,-0.0
GEO.id_0500000US51730,0.0
GEO.id_0500000US51735,0.0
GEO.id_0500000US51740,-0.0
GEO.id_0500000US51750,0.0
GEO.id_0500000US51760,209.34529558541027
GEO.id_0500000US51770,213.45513616471322
GEO.id_0500000US51775,0.0
GEO.id_0500000US51790,-0.0
GEO.id_0500000US51800,-0.0
GEO.id_0500000US51810,-5.9123157956009225
GEO.id_0500000US51820,-6.960251282386701
GEO.id_0500000US51830,-0.0
GEO.id_0500000US51840,0.0
GEO.id_0500000US54001,-0.0
GEO.id_0500000US54003,-52.114731952778534
GEO.id_0500000US54005,0.0
GEO.id_0500000US54007,418.10983616870107
GEO.id_0500000US54009,0.0
GEO.id_0500000US54011,-59.59552939300431
GEO.id_0500000US54015,0.0
GEO.id_0500000US54017,1.705054836956897
GEO.id_0500000US54019,-11.003880978674125
GEO.id_0500000US54021,-0.0
GEO.id_0500000US54023,-0.0
GEO.id_0500000US54025,-55.380317188697866
GEO.id_0500000US54027,-25.756841310014362
GEO.id_0500000US54029,0.0
GEO.id_0500000US54031,0.0
GEO.id_0500000US54033,0.0
GEO.id_0500000US54035,-0.0
GEO.id_0500000US54037,-0.0
GEO.id_0500000US54039,-0.0
GEO.id_0500000US54041,0.0
GEO.id_0500000US54045,-0.0
GEO.id_0500000US54047,-0.0
GEO.id_0500000US54049,-0.0
GEO.id_0500000US54051,0.0
GEO.id_0500000US54053,17.549734315172703
GEO.id_0500000US54055,-0.0
GEO.id_0500000US54057,0.0
GEO.id_0500000US54059,-0.0
GEO.id_0500000US54061,-58.343929391582556
GEO.id_0500000US54063,-0.0
GEO.id_0500000US54065,0.0
GEO.id_0500000US54067,0.0
GEO.id_0500000US54069,0.4811963587912379
GEO.id_0500000US54073,0.0
GEO.id_0500000US54075,0.0
GEO.id_0500000US54077,-62.920186646671084
GEO.id_0500000US54079,-0.0
GEO.id_0500000US54081,0.0
GEO.id_0500000US54083,-0.0
GEO.id_0500000US54085,0.0
GEO.id_0500000US54089,-30.4563863786419
GEO.id_0500000US54091,0.0
GEO.id_0500000US54097,1.623311152854135
GEO.id_0500000US54099,-0.0
GEO.id_0500000US54101,0.0
GEO.id_0500000US54103,-0.0
GEO.id_0500000US54107,0.0
GEO.id_0500000US54109,-0.0
"GEO.display-label_Accomack County, Virginia",-0.0
"GEO.display-label_Adair County, Kentucky",-0.0
"GEO.display-label_Adams County, Ohio",0.0
"GEO.display-label_Adams County, Pennsylvania",0.0
"GEO.display-label_Albemarle County, Virginia",-0.825384406909925
"GEO.display-label_Alexandria city, Virginia",-0.0
"GEO.display-label_Alleghany County, Virginia",-0.7948046654005
"GEO.display-label_Allegheny County, Pennsylvania",0.0
"GEO.display-label_Allen County, Kentucky",-0.0
"GEO.display-label_Allen County, Ohio",0.0
"GEO.display-label_Amelia County, Virginia",-0.0
"GEO.display-label_Amherst County, Virginia",-0.0
"GEO.display-label_Anderson County, Kentucky",-0.0
"GEO.display-label_Appomattox County, Virginia",-0.0
"GEO.display-label_Arlington County, Virginia",-0.0
"GEO.display-label_Armstrong County, Pennsylvania",-0.0
"GEO.display-label_Ashland County, Ohio",136.83856847672965
"GEO.display-label_Ashtabula County, Ohio",0.0
"GEO.display-label_Athens County, Ohio",0.0
"GEO.display-label_Auglaize County, Ohio",-0.0
"GEO.display-label_Augusta County, Virginia",0.0
"GEO.display-label_Ballard County, Kentucky",145.2934322856499
"GEO.display-label_Barbour County, West Virginia",-0.0
"GEO.display-label_Barren County, Kentucky",0.0
"GEO.display-label_Bath County, Kentucky",0.0
"GEO.display-label_Bath County, Virginia",-0.0
"GEO.display-label_Beaver County, Pennsylvania",-0.0
"GEO.display-label_Bedford County, Pennsylvania",0.0
"GEO.display-label_Bedford County, Virginia",18.53965414501906
"GEO.display-label_Bedford city, Virginia",0.0
"GEO.display-label_Bell County, Kentucky",-0.0
"GEO.display-label_Belmont County, Ohio",138.07872440000872
"GEO.display-label_Berkeley County, West Virginia",-4.8055452728255785
"GEO.display-label_Berks County, Pennsylvania",-0.0
"GEO.display-label_Blair County, Pennsylvania",-0.0
"GEO.display-label_Bland County, Virginia",0.0
"GEO.display-label_Boone County, Kentucky",0.0
"GEO.display-label_Boone County, West Virginia",0.0
"GEO.display-label_Botetourt County, Virginia",-0.0
"GEO.display-label_Bourbon County, Kentucky",-0.0
"GEO.display-label_Boyd County, Kentucky",145.48945611895715
"GEO.display-label_Boyle County, Kentucky",0.0
"GEO.display-label_Bracken County, Kentucky",39.28595030224357
"GEO.display-label_Bradford County, Pennsylvania",-0.0
"GEO.display-label_Braxton County, West Virginia",0.09591700247531003
"GEO.display-label_Breathitt County, Kentucky",-0.0
"GEO.display-label_Breckinridge County, Kentucky",-0.0
"GEO.display-label_Bristol city, Virginia",0.0
"GEO.display-label_Brooke County, West Virginia",0.0
"GEO.display-label_Brown County, Ohio",0.0
"GEO.display-label_Brunswick County, Virginia",0.0
"GEO.display-label_Buchanan County, Virginia",0.0
"GEO.display-label_Buckingham County, Virginia",0.0
"GEO.display-label_Bucks County, Pennsylvania",-0.0
"GEO.display-label_Buena Vista city, Virginia",-0.0
"GEO.display-label_Bullitt County, Kentucky",0.0
"GEO.display-label_Butler County, Kentucky",-0.0
"GEO.display-label_Butler County, Ohio",136.98534477625654
"GEO.display-label_Butler County, Pennsylvania",-4.523066471095139
"GEO.display-label_Cabell County, West Virginia",-1.8845800664067582
"GEO.display-label_Caldwell County, Kentucky",0.0
"GEO.display-label_Calloway County, Kentucky",-0.0
"GEO.display-label_Cambria County, Pennsylvania",64.02228962257047
"GEO.display-label_Cameron County, Pennsylvania",-0.0
"GEO.display-label_Campbell County, Kentucky",148.02399825669642
"GEO.display-label_Campbell County, Virginia",-12.824179948166085
"GEO.display-label_Carbon County, Pennsylvania",39.26935117767638
"GEO.display-label_Caroline County, Virginia",0.0
"GEO.display-label_Carroll County, Kentucky",0.0
"GEO.display-label_Carroll County, Ohio",-0.0
"GEO.display-label_Carroll County, Virginia",0.0
"GEO.display-label_Carter County, Kentucky",-0.0
"GEO.display-label_Casey County, Kentucky",0.0
"GEO.display-label_Centre County, Pennsylvania",64.48051723775896
"GEO.display-label_Champaign County, Ohio",-0.0
"GEO.display-label_Charles City County, Virginia",-4.488768398577451
"GEO.display-label_Charlotte County, Virginia",-3.7422195766770465
"GEO.display-label_Charlottesville city, Virginia",0.0
"GEO.display-label_Chesapeake city, Virginia",0.0
"GEO.display-label_Chester County, Pennsylvania",-0.0
"GEO.display-label_Chesterfield County, Virginia",-0.0
"GEO.display-label_Christian County, Kentucky",-0.0
"GEO.display-label_Clarion County, Pennsylvania",-0.0
"GEO.display-label_Clark County, Kentucky",0.0
"GEO.display-label_Clark County, Ohio",-0.0
"GEO.display-label_Clarke County, Virginia",-0.0
"GEO.display-label_Clay County, Kentucky",0.0
"GEO.display-label_Clay County, West Virginia",0.0
"GEO.display-label_Clearfield County, Pennsylvania",0.6086422777171208
"GEO.display-label_Clermont County, Ohio",-0.0
"GEO.display-label_Clinton County, Kentucky",0.0
"GEO.display-label_Clinton County, Ohio",0.0
"GEO.display-label_Clinton County, Pennsylvania",-0.0
"GEO.display-label_Colonial Heights city, Virginia",0.0
"GEO.display-label_Columbia County, Pennsylvania",-0.0
"GEO.display-label_Columbiana County, Ohio",0.0
"GEO.display-label_Coshocton County, Ohio",-0.0
"GEO.display-label_Craig County, Virginia",-0.0
"GEO.display-label_Crawford County, Ohio",0.0
"GEO.display-label_Crawford County, Pennsylvania",0.0
"GEO.display-label_Crittenden County, Kentucky",-0.0
"GEO.display-label_Culpeper County, Virginia",8.620104264742233
"GEO.display-label_Cumberland County, Kentucky",0.0
"GEO.display-label_Cumberland County, Pennsylvania",0.0
"GEO.display-label_Cumberland County, Virginia",0.0
"GEO.display-label_Cuyahoga County, Ohio",140.16504760730334
"GEO.display-label_Danville city, Virginia",-0.0
"GEO.display-label_Darke County, Ohio",-0.0
"GEO.display-label_Dauphin County, Pennsylvania",57.20645281056562
"GEO.display-label_Daviess County, Kentucky",-0.0
"GEO.display-label_Defiance County, Ohio",140.30868014345964
"GEO.display-label_Delaware County, Ohio",0.0
"GEO.display-label_Delaware County, Pennsylvania",56.016778198482086
"GEO.display-label_Dickenson County, Virginia",-0.0
"GEO.display-label_Dinwiddie County, Virginia",-0.2436747015387972
"GEO.display-label_Doddridge County, West Virginia",0.11111093410346712
"GEO.display-label_Edmonson County, Kentucky",0.0
"GEO.display-label_Elk County, Pennsylvania",-0.0
"GEO.display-label_Elliott County, Kentucky",0.0
"GEO.display-label_Emporia city, Virginia",-0.25434608274279635
"GEO.display-label_Erie County, Ohio",130.74485735383746
"GEO.display-label_Erie County, Pennsylvania",-0.0
"GEO.display-label_Essex County, Virginia",0.0
"GEO.display-label_Estill County, Kentucky",-0.0
"GEO.display-label_Fairfax County, Virginia",0.0
"GEO.display-label_Fairfax city, Virginia",-0.0
"GEO.display-label_Fairfield County, Ohio",126.93694306696231
"GEO.display-label_Falls Church city, Virginia",0.0
"GEO.display-label_Fauquier County, Virginia",0.0
"GEO.display-label_Fayette County, Kentucky",0.0
"GEO.display-label_Fayette County, Ohio",0.0
"GEO.display-label_Fayette County, Pennsylvania",-0.0
"GEO.display-label_Fayette County, West Virginia",-0.24643902684167948
"GEO.display-label_Fleming County, Kentucky",0.0
"GEO.display-label_Floyd County, Kentucky",0.0
"GEO.display-label_Floyd County, Virginia",-0.0
"GEO.display-label_Fluvanna County, Virginia",-0.10012857730126473
"GEO.display-label_Franklin County, Kentucky",0.0
"GEO.display-label_Franklin County, Ohio",-0.0
"GEO.display-label_Franklin County, Pennsylvania",0.0
"GEO.display-label_Franklin County, Virginia",0.0
"GEO.display-label_Franklin city, Virginia",-0.0
"GEO.display-label_Frederick County, Virginia",29.24481650441371
"GEO.display-label_Fredericksburg city, Virginia",0.0
"GEO.display-label_Fulton County, Kentucky",-0.0
"GEO.display-label_Fulton County, Ohio",0.0
"GEO.display-label_Fulton County, Pennsylvania",8.833287451537313
"GEO.display-label_Galax city, Virginia",0.0
"GEO.display-label_Gallatin County, Kentucky",-0.0
"GEO.display-label_Gallia County, Ohio",-0.0
"GEO.display-label_Garrard County, Kentucky",-0.0
"GEO.display-label_Geauga County, Ohio",-0.0
"GEO.display-label_Giles County, Virginia",0.0
"GEO.display-label_Gilmer County, West Virginia",-0.0
"GEO.display-label_Gloucester County, Virginia",-0.0
"GEO.display-label_Goochland County, Virginia",0.0
"GEO.display-label_Grant County, Kentucky",-0.0
"GEO.display-label_Grant County, West Virginia",-0.0
"GEO.display-label_Graves County, Kentucky",0.0
"GEO.display-label_Grayson County, Kentucky",163.6832014549337
"GEO.display-label_Grayson County, Virginia",-0.0
"GEO.display-label_Green County, Kentucky",5.256240646261606
"GEO.display-label_Greenbrier County, West Virginia",-3.3077703844595114
"GEO.display-label_Greene County, Ohio",129.594942877914
"GEO.display-label_Greene County, Pennsylvania",0.0
"GEO.display-label_Greene County, Virginia",-0.0
"GEO.display-label_Greensville County, Virginia",-0.0
"GEO.display-label_Greenup County, Kentucky",-0.0
"GEO.display-label_Guernsey County, Ohio",0.0
"GEO.display-label_Halifax County, Virginia",0.3107048448311709
"GEO.display-label_Hamilton County, Ohio",99.0708635009054
"GEO.display-label_Hampshire County, West Virginia",-0.7709958608255408
"GEO.display-label_Hampton city, Virginia",-0.21165603254841553
"GEO.display-label_Hancock County, Ohio",0.0
"GEO.display-label_Hancock County, West Virginia",0.0
"GEO.display-label_Hanover County, Virginia",18.468195290361958
"GEO.display-label_Hardin County, Kentucky",0.0
"GEO.display-label_Hardin County, Ohio",-0.0
"GEO.display-label_Hardy County, West Virginia",0.0
"GEO.display-label_Harlan County, Kentucky",38.15833117803448
"GEO.display-label_Harrison County, Kentucky",-0.0
"GEO.display-label_Harrison County, Ohio",0.0
"GEO.display-label_Harrison County, West Virginia",0.0
"GEO.display-label_Harrisonburg city, Virginia",-0.0
"GEO.display-label_Hart County, Kentucky",-0.0
"GEO.display-label_Henderson County, Kentucky",-0.0
"GEO.display-label_Henrico County, Virginia",-0.008482293042171825
"GEO.display-label_Henry County, Kentucky",0.0
"GEO.display-label_Henry County, Ohio",-0.0
"GEO.display-label_Henry County, Virginia",-11.848128206502313
"GEO.display-label_Hickman County, Kentucky",0.0
"GEO.display-label_Highland County, Ohio",72.33614924751892
"GEO.display-label_Hocking County, Ohio",-0.0
"GEO.display-label_Holmes County, Ohio",-0.0
"GEO.display-label_Hopewell city, Virginia",0.12525102639618763
"GEO.display-label_Hopkins County, Kentucky",0.0
"GEO.display-label_Huntingdon County, Pennsylvania",-0.0
"GEO.display-label_Huron County, Ohio",96.64015006283284
"GEO.display-label_Indiana County, Pennsylvania",-0.0
"GEO.display-label_Isle of Wight County, Virginia",0.0
"GEO.display-label_Jackson County, Kentucky",-0.0
"GEO.display-label_Jackson County, Ohio",-0.0
"GEO.display-label_Jackson County, West Virginia",-0.0
"GEO.display-label_James City County, Virginia",-0.0
"GEO.display-label_Jefferson County, Kentucky",-0.0
"GEO.display-label_Jefferson County, Ohio",0.0
"GEO.display-label_Jefferson County, Pennsylvania",0.0
"GEO.display-label_Jefferson County, West Virginia",-0.0
"GEO.display-label_Jessamine County, Kentucky",0.0
"GEO.display-label_Johnson County, Kentucky",27.323725203335947
"GEO.display-label_Juniata County, Pennsylvania",0.0
"GEO.display-label_Kanawha County, West Virginia",-0.0
"GEO.display-label_Kenton County, Kentucky",-0.0
"GEO.display-label_King George County, Virginia",-0.0
"GEO.display-label_King William County, Virginia",0.0
"GEO.display-label_King and Queen County, Virginia",0.0
"GEO.display-label_Knott County, Kentucky",0.0
"GEO.display-label_Knox County, Kentucky",0.0
"GEO.display-label_Knox County, Ohio",-0.0
"GEO.display-label_Lackawanna County, Pennsylvania",0.0
"GEO.display-label_Lake County, Ohio",102.97065236993821
"GEO.display-label_Lancaster County, Pennsylvania",-0.0
"GEO.display-label_Lancaster County, Virginia",0.0
"GEO.display-label_Laurel County, Kentucky",-0.0
"GEO.display-label_Lawrence County, Kentucky",-0.0
"GEO.display-label_Lawrence County, Ohio",-0.0
"GEO.display-label_Lawrence County, Pennsylvania",49.22244901644214
"GEO.display-label_Lebanon County, Pennsylvania",30.70709121291966
"GEO.display-label_Lee County, Kentucky",-0.0
"GEO.display-label_Lee County, Virginia",-9.917024222154897
"GEO.display-label_Lehigh County, Pennsylvania",-0.0
"GEO.display-label_Leslie County, Kentucky",-0.0
"GEO.display-label_Letcher County, Kentucky",-0.0
"GEO.display-label_Lewis County, Kentucky",-0.0
"GEO.display-label_Lewis County, West Virginia",0.0
"GEO.display-label_Lexington city, Virginia",0.0
"GEO.display-label_Licking County, Ohio",98.28000507121675
"GEO.display-label_Lincoln County, Kentucky",-0.0
"GEO.display-label_Livingston County, Kentucky",-0.0
"GEO.display-label_Logan County, Kentucky",0.0
"GEO.display-label_Logan County, Ohio",-0.0
"GEO.display-label_Logan County, West Virginia",-0.0
"GEO.display-label_Lorain County, Ohio",-0.0
"GEO.display-label_Loudoun County, Virginia",26.070077593649973
"GEO.display-label_Louisa County, Virginia",-0.42851063105217146
"GEO.display-label_Lucas County, Ohio",-0.0
"GEO.display-label_Lunenburg County, Virginia",0.0
"GEO.display-label_Luzerne County, Pennsylvania",-0.0
"GEO.display-label_Lycoming County, Pennsylvania",48.6643997416868
"GEO.display-label_Lynchburg city, Virginia",-0.0
"GEO.display-label_Lyon County, Kentucky",0.0
"GEO.display-label_Madison County, Kentucky",-0.0
"GEO.display-label_Madison County, Ohio",0.0
"GEO.display-label_Madison County, Virginia",0.0
"GEO.display-label_Magoffin County, Kentucky",0.0
"GEO.display-label_Mahoning County, Ohio",94.32593608050931
"GEO.display-label_Manassas city, Virginia",0.0
"GEO.display-label_Marion County, Kentucky",-0.0
"GEO.display-label_Marion County, Ohio",0.0
"GEO.display-label_Marion County, West Virginia",-0.0
"GEO.display-label_Marshall County, Kentucky",0.0
"GEO.display-label_Marshall County, West Virginia",0.0
"GEO.display-label_Martin County, Kentucky",0.0
"GEO.display-label_Martinsville city, Virginia",0.0
"GEO.display-label_Mason County, Kentucky",-0.0
"GEO.display-label_Mason County, West Virginia",0.1125680907732794
"GEO.display-label_Mathews County, Virginia",0.0
"GEO.display-label_McCracken County, Kentucky",-0.0
"GEO.display-label_McCreary County, Kentucky",0.0
"GEO.display-label_McDowell County, West Virginia",-0.0
"GEO.display-label_McKean County, Pennsylvania",7.508842009395238
"GEO.display-label_McLean County, Kentucky",-0.0
"GEO.display-label_Meade County, Kentucky",-0.0
"GEO.display-label_Mecklenburg County, Virginia",-0.0
"GEO.display-label_Medina County, Ohio",0.0
"GEO.display-label_Meigs County, Ohio",0.0
"GEO.display-label_Menifee County, Kentucky",0.0
"GEO.display-label_Mercer County, Kentucky",-0.0
"GEO.display-label_Mercer County, Ohio",-0.0
"GEO.display-label_Mercer County, Pennsylvania",0.0
"GEO.display-label_Mercer County, West Virginia",-0.0
"GEO.display-label_Metcalfe County, Kentucky",0.0
"GEO.display-label_Miami County, Ohio",67.36369107607723
"GEO.display-label_Middlesex County, Virginia",0.0
"GEO.display-label_Mifflin County, Pennsylvania",17.209327916414427
"GEO.display-label_Mineral County, West Virginia",0.0
"GEO.display-label_Mingo County, West Virginia",-0.0
"GEO.display-label_Monongalia County, West Virginia",-3.023389646254893
"GEO.display-label_Monroe County, Kentucky",-0.0
"GEO.display-label_Monroe County, Ohio",-0.0
"GEO.display-label_Monroe County, Pennsylvania",-0.0
"GEO.display-label_Monroe County, West Virginia",-0.0
"GEO.display-label_Montgomery County, Kentucky",-0.0
"GEO.display-label_Montgomery County, Ohio",74.74994926129592
"GEO.display-label_Montgomery County, Pennsylvania",-0.0
"GEO.display-label_Montgomery County, Virginia",0.13928526897296653
"GEO.display-label_Montour County, Pennsylvania",-0.0
"GEO.display-label_Morgan County, Kentucky",-0.0
"GEO.display-label_Morgan County, Ohio",0.0
"GEO.display-label_Morgan County, West Virginia",0.0
"GEO.display-label_Morrow County, Ohio",-0.0
"GEO.display-label_Muhlenberg County, Kentucky",0.0
"GEO.display-label_Muskingum County, Ohio",-0.0
"GEO.display-label_Nelson County, Kentucky",-0.0
"GEO.display-label_Nelson County, Virginia",-0.0
"GEO.display-label_New Kent County, Virginia",-0.0
"GEO.display-label_Newport News city, Virginia",0.0
"GEO.display-label_Nicholas County, Kentucky",0.0
"GEO.display-label_Nicholas County, West Virginia",0.0
"GEO.display-label_Noble County, Ohio",-0.0
"GEO.display-label_Norfolk city, Virginia",-0.0
"GEO.display-label_Northampton County, Pennsylvania",-8.272431447132806
"GEO.display-label_Northampton County, Virginia",-0.0
"GEO.display-label_Northumberland County, Pennsylvania",-0.0
"GEO.display-label_Northumberland County, Virginia",-0.0
"GEO.display-label_Nottoway County, Virginia",-0.0
"GEO.display-label_Ohio County, Kentucky",-0.0
"GEO.display-label_Ohio County, West Virginia",19.170936252809593
"GEO.display-label_Oldham County, Kentucky",-0.0
"GEO.display-label_Orange County, Virginia",-0.5056163060473701
"GEO.display-label_Ottawa County, Ohio",74.74844358053807
"GEO.display-label_Owen County, Kentucky",-0.0
"GEO.display-label_Owsley County, Kentucky",0.0
"GEO.display-label_Page County, Virginia",-0.0
"GEO.display-label_Patrick County, Virginia",-0.0
"GEO.display-label_Paulding County, Ohio",-0.0
"GEO.display-label_Pendleton County, Kentucky",0.0
"GEO.display-label_Perry County, Kentucky",135.42417994363618
"GEO.display-label_Perry County, Ohio",-0.0
"GEO.display-label_Perry County, Pennsylvania",-3.9947866149536333
"GEO.display-label_Petersburg city, Virginia",0.0
"GEO.display-label_Philadelphia County, Pennsylvania",0.0
"GEO.display-label_Pickaway County, Ohio",75.4851100603034
"GEO.display-label_Pike County, Kentucky",-0.0
"GEO.display-label_Pike County, Ohio",-0.0
"GEO.display-label_Pike County, Pennsylvania",-0.0
"GEO.display-label_Pittsylvania County, Virginia",-0.0
"GEO.display-label_Pleasants County, West Virginia",0.0
"GEO.display-label_Pocahontas County, West Virginia",0.0
"GEO.display-label_Poquoson city, Virginia",0.0
"GEO.display-label_Portage County, Ohio",75.5558012872078
"GEO.display-label_Portsmouth city, Virginia",-0.0
"GEO.display-label_Potter County, Pennsylvania",0.0
"GEO.display-label_Powell County, Kentucky",-0.0
"GEO.display-label_Powhatan County, Virginia",-0.0
"GEO.display-label_Preble County, Ohio",-0.0
"GEO.display-label_Preston County, West Virginia",-0.20136769242814329
"GEO.display-label_Prince Edward County, Virginia",0.0
"GEO.display-label_Prince George County, Virginia",-0.0
"GEO.display-label_Prince William County, Virginia",0.0
"GEO.display-label_Pulaski County, Kentucky",-0.0
"GEO.display-label_Pulaski County, Virginia",29.030546639116398
"GEO.display-label_Putnam County, Ohio",-0.0
"GEO.display-label_Putnam County, West Virginia",-0.0
"GEO.display-label_Radford city, Virginia",0.0
"GEO.display-label_Raleigh County, West Virginia",0.0
"GEO.display-label_Randolph County, West Virginia",-0.0
"GEO.display-label_Rappahannock County, Virginia",-0.0
"GEO.display-label_Richland County, Ohio",-0.0
"GEO.display-label_Richmond city, Virginia",8.598338973660274
"GEO.display-label_Ritchie County, West Virginia",0.0
"GEO.display-label_Roanoke city, Virginia",8.1699770265761
"GEO.display-label_Robertson County, Kentucky",-0.0
"GEO.display-label_Rockbridge County, Virginia",27.179247378600905
"GEO.display-label_Rockcastle County, Kentucky",0.0
"GEO.display-label_Rockingham County, Virginia",26.765614742959773
"GEO.display-label_Ross County, Ohio",-0.0
"GEO.display-label_Rowan County, Kentucky",-0.0
"GEO.display-label_Russell County, Kentucky",0.0
"GEO.display-label_Russell County, Virginia",-0.0
"GEO.display-label_Salem city, Virginia",0.0
"GEO.display-label_Sandusky County, Ohio",-0.0
"GEO.display-label_Schuylkill County, Pennsylvania",0.0
"GEO.display-label_Scioto County, Ohio",-1.8385883590655427
"GEO.display-label_Scott County, Kentucky",-0.0
"GEO.display-label_Scott County, Virginia",-0.0
"GEO.display-label_Seneca County, Ohio",1.7792133235213514
"GEO.display-label_Shelby County, Kentucky",-0.0
"GEO.display-label_Shelby County, Ohio",49.457075436419245
"GEO.display-label_Shenandoah County, Virginia",0.0
"GEO.display-label_Simpson County, Kentucky",-0.0
"GEO.display-label_Smyth County, Virginia",0.0
"GEO.display-label_Snyder County, Pennsylvania",-0.0
"GEO.display-label_Somerset County, Pennsylvania",-0.0
"GEO.display-label_Southampton County, Virginia",0.0
"GEO.display-label_Spencer County, Kentucky",0.0
"GEO.display-label_Spotsylvania County, Virginia",0.0
"GEO.display-label_Stafford County, Virginia",31.32535789237104
"GEO.display-label_Stark County, Ohio",-6.988369711265133
"GEO.display-label_Staunton city, Virginia",-0.0
"GEO.display-label_Suffolk city, Virginia",-0.0
"GEO.display-label_Sullivan County, Pennsylvania",1.5923174908980127
"GEO.display-label_Summers County, West Virginia",-0.26588914419095244
"GEO.display-label_Summit County, Ohio",-7.595295342732806
"GEO.display-label_Surry County, Virginia",-0.0
"GEO.display-label_Susquehanna County, Pennsylvania",-0.0
"GEO.display-label_Sussex County, Virginia",-0.6367133107761344
"GEO.display-label_Taylor County, Kentucky",-0.0
"GEO.display-label_Taylor County, West Virginia",0.0
"GEO.display-label_Tazewell County, Virginia",30.209213676479873
"GEO.display-label_Tioga County, Pennsylvania",0.0
"GEO.display-label_Todd County, Kentucky",-0.0
"GEO.display-label_Trigg County, Kentucky",0.0
"GEO.display-label_Trimble County, Kentucky",0.0
"GEO.display-label_Trumbull County, Ohio",-0.0
"GEO.display-label_Tuscarawas County, Ohio",0.0
"GEO.display-label_Union County, Kentucky",0.0
"GEO.display-label_Union County, Ohio",-0.0
"GEO.display-label_Union County, Pennsylvania",-0.0
"GEO.display-label_Upshur County, West Virginia",0.1252470925046555
"GEO.display-label_Van Wert County, Ohio",0.0
"GEO.display-label_Venango County, Pennsylvania",0.0
"GEO.display-label_Vinton County, Ohio",-17.367602943889015
"GEO.display-label_Virginia Beach city, Virginia",-2.872618412430031
"GEO.display-label_Warren County, Kentucky",-0.0
"GEO.display-label_Warren County, Ohio",0.0
"GEO.display-label_Warren County, Pennsylvania",-0.0
"GEO.display-label_Warren County, Virginia",30.099378440858626
"GEO.display-label_Washington County, Kentucky",-0.0
"GEO.display-label_Washington County, Ohio",0.0
"GEO.display-label_Washington County, Pennsylvania",-0.0
"GEO.display-label_Washington County, Virginia",-10.913715104128132
"GEO.display-label_Wayne County, Kentucky",-0.0
"GEO.display-label_Wayne County, Ohio",82.37622948881389
"GEO.display-label_Wayne County, Pennsylvania",-0.7730728602780432
"GEO.display-label_Wayne County, West Virginia",-0.0
"GEO.display-label_Waynesboro city, Virginia",-2.6117444001865184
"GEO.display-label_Webster County, Kentucky",0.0
"GEO.display-label_Webster County, West Virginia",0.0
"GEO.display-label_Westmoreland County, Pennsylvania",-6.174036385036261
"GEO.display-label_Westmoreland County, Virginia",0.0
"GEO.display-label_Wetzel County, West Virginia",-0.0
"GEO.display-label_Whitley County, Kentucky",85.84560642186491
"GEO.display-label_Williams County, Ohio",-5.346263038544506
"GEO.display-label_Williamsburg city, Virginia",-0.0
"GEO.display-label_Winchester city, Virginia",0.0
"GEO.display-label_Wise County, Virginia",29.27900174830027
"GEO.display-label_Wolfe County, Kentucky",-0.0
"GEO.display-label_Wood County, Ohio",0.0
"GEO.display-label_Wood County, West Virginia",0.0
"GEO.display-label_Woodford County, Kentucky",0.0
"GEO.display-label_Wyandot County, Ohio",0.0
"GEO.display-label_Wyoming County, Pennsylvania",-0.0
"GEO.display-label_Wyoming County, West Virginia",-0.0
"GEO.display-label_Wythe County, Virginia",28.85210014607911
"GEO.display-label_York County, Pennsylvania",28.089696887084052
"GEO.display-label_York County, Virginia",-0.0
HC03_VC71_-,-0.0
HC03_VC71_0,-0.0
HC03_VC71_100,0.0
HC03_VC71_16.7,0.0
HC03_VC71_18.2,-0.0
HC03_VC71_27.8,-0.0
HC03_VC71_31.6,-0.021506305664157312
HC03_VC71_33.9,0.0
HC03_VC71_36.6,0.0
HC03_VC71_37.5,0.0
HC03_VC71_39,-0.0
HC03_VC71_39.1,-0.0
HC03_VC71_39.2,-0.0
HC03_VC71_39.9,-0.0
HC03_VC71_40.8,-0.0
HC03_VC71_41.3,0.2723382442110794
HC03_VC71_41.4,11.766490376738695
HC03_VC71_41.5,-0.0
HC03_VC71_41.9,-0.0
HC03_VC71_42.7,12.646677327102307
HC03_VC71_44.8,-0.0
HC03_VC71_45.1,-0.0
HC03_VC71_45.5,0.012659358775432417
HC03_VC71_45.8,-0.0
HC03_VC71_46,0.0
HC03_VC71_46.2,-0.01508100518853097
HC03_VC71_47.4,0.0
HC03_VC71_47.6,0.0
HC03_VC71_47.7,-904.6117994827842
HC03_VC71_47.9,165.07764128115528
HC03_VC71_48.2,102.66940231296324
HC03_VC71_48.4,-0.0
HC03_VC71_48.5,-51.03381277070474
HC03_VC71_48.7,0.0
HC03_VC71_48.8,0.0
HC03_VC71_48.9,-0.0
HC03_VC71_49,0.0
HC03_VC71_49.4,-0.0
HC03_VC71_49.5,-0.0
HC03_VC71_49.8,3.240228416989432
HC03_VC71_50,0.0
HC03_VC71_50.2,-0.0
HC03_VC71_50.3,-0.0
HC03_VC71_50.5,-0.0
HC03_VC71_50.7,0.0
HC03_VC71_50.9,-0.0
HC03_VC71_51,0.0
HC03_VC71_51.1,-350.12849412577094
HC03_VC71_51.2,0.0
HC03_VC71_51.5,-0.0
HC03_VC71_51.6,-304.9499420144088
HC03_VC71_51.9,13.480692499931024
HC03_VC71_52,0.0
HC03_VC71_52.1,0.0
HC03_VC71_52.3,-0.0
HC03_VC71_52.4,-1293.4511155537323
HC03_VC71_52.5,0.0
HC03_VC71_52.6,0.0
HC03_VC71_52.7,0.0
HC03_VC71_52.8,-0.00186566003994524
HC03_VC71_53,-0.0
HC03_VC71_53.1,-0.0
HC03_VC71_53.2,-0.0
HC03_VC71_53.3,0.0
HC03_VC71_53.4,-0.0
HC03_VC71_53.6,-1416.5804114191776
HC03_VC71_53.8,0.0
HC03_VC71_53.9,456.3827888032441
HC03_VC71_54.1,0.0
HC03_VC71_54.2,-0.0
HC03_VC71_54.3,-0.0
HC03_VC71_54.4,0.0
HC03_VC71_54.5,0.0
HC03_VC71_54.6,0.0
HC03_VC71_54.7,130.00262514065432
HC03_VC71_54.8,0.0
HC03_VC71_54.9,-0.0
HC03_VC71_55.1,465.6779875244839
HC03_VC71_55.2,-606.3131236204645
HC03_VC71_55.3,16.303260126495193
HC03_VC71_55.4,0.0
HC03_VC71_55.5,-442.43867332376965
HC03_VC71_55.6,1816.6157860625985
HC03_VC71_55.7,-518.8794625529404
HC03_VC71_55.8,0.0
HC03_VC71_55.9,0.0
HC03_VC71_56,-0.0
HC03_VC71_56.1,-0.0
HC03_VC71_56.2,-0.0
HC03_VC71_56.3,-0.0
HC03_VC71_56.4,15.248657692380249
HC03_VC71_56.6,-0.10305841448712748
HC03_VC71_56.7,-1012.9331059244198
HC03_VC71_56.8,0.0
HC03_VC71_56.9,33.792929048337655
HC03_VC71_57,0.0
HC03_VC71_57.1,-648.9115161318143
HC03_VC71_57.2,0.0
HC03_VC71_57.3,0.0
HC03_VC71_57.4,1367.8337422009363
HC03_VC71_57.6,-0.0
HC03_VC71_57.7,52.77367614880808
HC03_VC71_57.8,0.0
HC03_VC71_58,0.0
HC03_VC71_58.1,-577.4358548170737
HC03_VC71_58.2,-0.0
HC03_VC71_58.3,0.0
HC03_VC71_58.4,0.0
HC03_VC71_58.5,-0.0
HC03_VC71_58.6,248.12740885074157
HC03_VC71_58.7,-0.0
HC03_VC71_58.8,0.0
HC03_VC71_58.9,-2274.1877945746132
HC03_VC71_59,-1891.8510586758225
HC03_VC71_59.2,0.0
HC03_VC71_59.3,0.0
HC03_VC71_59.4,37.05132673783071
HC03_VC71_59.5,0.0
HC03_VC71_59.6,-0.0
HC03_VC71_59.7,-0.0
HC03_VC71_59.8,78.92854265714831
HC03_VC71_59.9,422.7705217358189
HC03_VC71_60,260.6464859961466
HC03_VC71_60.1,0.0
HC03_VC71_60.2,891.765057687707
HC03_VC71_60.3,-0.0
HC03_VC71_60.4,-111.38727764328806
HC03_VC71_60.6,-1346.250970331583
HC03_VC71_60.7,0.0
HC03_VC71_60.8,-0.0
HC03_VC71_60.9,444.5421812194024
HC03_VC71_61,-0.0
HC03_VC71_61.1,0.0
HC03_VC71_61.2,-2.0819712376237685
HC03_VC71_61.3,0.0
HC03_VC71_61.4,-0.0
HC03_VC71_61.5,1404.9184214597572
HC03_VC71_61.6,-722.0516343540744
HC03_VC71_61.8,91.01295247319727
HC03_VC71_61.9,0.0
HC03_VC71_62,251.94349058516553
HC03_VC71_62.1,-115.24813718662718
HC03_VC71_62.2,0.0
HC03_VC71_62.3,16.43931239470539
HC03_VC71_62.4,-440.4967485187151
HC03_VC71_62.5,-0.0
HC03_VC71_62.6,0.0
HC03_VC71_62.8,-1462.7514591557854
HC03_VC71_62.9,-0.0
HC03_VC71_63,-0.0
HC03_VC71_63.1,0.0
HC03_VC71_63.2,-0.0
HC03_VC71_63.3,-1.2564549761097976
HC03_VC71_63.5,-0.0
HC03_VC71_63.6,42.343426338543566
HC03_VC71_63.7,-9.09368343543401
HC03_VC71_63.8,0.0
HC03_VC71_63.9,0.0
HC03_VC71_64,-1299.3804380339595
HC03_VC71_64.1,-34.03736713987308
HC03_VC71_64.2,0.0
HC03_VC71_64.4,-0.0
HC03_VC71_64.6,-1179.248626616297
HC03_VC71_64.7,-18.73768226072533
HC03_VC71_65,0.0
HC03_VC71_65.1,558.3699997951777
HC03_VC71_65.2,-55.177993904144
HC03_VC71_65.3,510.34022312861
HC03_VC71_65.5,0.0
HC03_VC71_65.6,-0.0
HC03_VC71_65.7,1460.6478343661138
HC03_VC71_65.8,-3588.298623183132
HC03_VC71_65.9,-0.0
HC03_VC71_66,-102.60768479860218
HC03_VC71_66.2,0.0
HC03_VC71_66.3,0.0
HC03_VC71_66.4,0.0
HC03_VC71_66.6,-4.116512888085719
HC03_VC71_66.8,-0.0
HC03_VC71_66.9,-0.0
HC03_VC71_67,-53.329192534050854
HC03_VC71_67.1,0.0
HC03_VC71_67.2,815.0889817963454
HC03_VC71_67.3,-65.35473332177678
HC03_VC71_67.5,-80.80640159074416
HC03_VC71_67.6,0.0
HC03_VC71_67.7,360.46819170146483
HC03_VC71_67.8,-451.4973113487903
HC03_VC71_68.1,-0.0
HC03_VC71_68.3,-0.0
HC03_VC71_68.5,-402.33325828970317
HC03_VC71_68.6,-0.0
HC03_VC71_68.7,1208.6775058062155
HC03_VC71_68.8,-1336.023166095877
HC03_VC71_68.9,0.0
HC03_VC71_69,0.0
HC03_VC71_69.1,0.0
HC03_VC71_69.4,972.2127065902387
HC03_VC71_69.6,-19.210224113303717
HC03_VC71_69.7,-0.0
HC03_VC71_69.9,0.0
HC03_VC71_70,-0.0
HC03_VC71_70.1,0.0
HC03_VC71_70.3,0.0
HC03_VC71_70.4,0.0
HC03_VC71_70.5,0.0
HC03_VC71_70.6,-88.93006081596427
HC03_VC71_70.8,0.0
HC03_VC71_71,-0.0
HC03_VC71_71.2,0.0
HC03_VC71_71.5,0.0
HC03_VC71_72.7,0.0
HC03_VC71_72.9,-0.0
HC03_VC71_73,0.0
HC03_VC71_73.3,1515.7753416085209
HC03_VC71_73.5,-0.7725793403636619
HC03_VC71_73.8,-0.0
HC03_VC71_73.9,0.0
HC03_VC71_74.4,-957.746861108574
HC03_VC71_74.7,1151.3323999380998
HC03_VC71_74.9,0.0
HC03_VC71_75.1,0.0
HC03_VC71_75.4,0.0
HC03_VC71_75.6,0.0
HC03_VC71_75.8,-0.0
HC03_VC71_76,0.0
HC03_VC71_76.1,-0.0
HC03_VC71_76.8,-0.0
HC03_VC71_77.8,-22.2136077153647
HC03_VC71_78.2,-0.0
HC03_VC71_79.6,-0.0
HC03_VC71_80.5,0.0
HC03_VC71_81,-0.0
HC03_VC71_82.3,-0.0
HC03_VC71_82.5,0.0
HC03_VC71_83.3,-0.0
HC03_VC71_83.4,-0.0
HC03_VC71_86.4,-0.0
HC03_VC71_88.6,-0.0
HC03_VC72_-,-0.0
HC03_VC72_0,0.0
HC03_VC72_100,513.4022188003431
HC03_VC72_37.4,501.44452632286266
HC03_VC72_38.6,0.0
HC03_VC72_40.5,-0.0
HC03_VC72_41.1,0.0
HC03_VC72_44.1,-0.0
HC03_VC72_44.7,0.0
HC03_VC72_45.5,0.0
HC03_VC72_45.8,-352.1341689525555
HC03_VC72_46.2,1283.1164751433735
HC03_VC72_46.8,-335.619322450778
HC03_VC72_48.7,-0.0
HC03_VC72_49.6,-0.0
HC03_VC72_50,-0.0
HC03_VC72_50.8,0.0
HC03_VC72_51.3,0.0
HC03_VC72_52.3,-0.0
HC03_VC72_52.5,0.0
HC03_VC72_52.6,0.0
HC03_VC72_53.5,0.0
HC03_VC72_53.6,0.0
HC03_VC72_54.4,-27.948134506782928
HC03_VC72_55.2,-0.0
HC03_VC72_55.4,0.0
HC03_VC72_55.6,-0.0
HC03_VC72_55.8,-0.0
HC03_VC72_56.1,-15.061415693763733
HC03_VC72_56.3,0.0
HC03_VC72_56.5,-0.0
HC03_VC72_57.2,0.0
HC03_VC72_57.3,0.0
HC03_VC72_57.6,0.0
HC03_VC72_57.7,0.0
HC03_VC72_58.5,0.0
HC03_VC72_59.2,-10.681268382709307
HC03_VC72_59.8,-0.0
HC03_VC72_60,0.0
HC03_VC72_60.3,0.0
HC03_VC72_60.4,-0.0
HC03_VC72_60.5,-19.085548181029207
HC03_VC72_60.6,1054.8950756484357
HC03_VC72_60.7,0.0
HC03_VC72_60.8,9.383613547076713
HC03_VC72_60.9,-0.0
HC03_VC72_61.4,-0.0
HC03_VC72_61.5,0.0
HC03_VC72_61.7,-0.0
HC03_VC72_62,0.0
HC03_VC72_62.1,-68.65344624281774
HC03_VC72_62.4,1984.5340057446087
HC03_VC72_62.5,0.0
HC03_VC72_62.6,-0.0
HC03_VC72_62.8,0.0
HC03_VC72_63,-0.0
HC03_VC72_63.1,0.0
HC03_VC72_63.4,-15.3869214116553
HC03_VC72_63.5,0.0
HC03_VC72_63.6,-0.0
HC03_VC72_63.7,0.0
HC03_VC72_63.8,0.0
HC03_VC72_64.2,-0.0
HC03_VC72_64.4,-57.85799022809725
HC03_VC72_64.6,0.0
HC03_VC72_65.1,-428.86763418814854
HC03_VC72_65.2,-932.8591798958639
HC03_VC72_65.4,-0.0
HC03_VC72_65.8,-0.0
HC03_VC72_65.9,0.0
HC03_VC72_66.1,11.842512273808486
HC03_VC72_66.2,-0.0
HC03_VC72_66.4,-491.04501658370685
HC03_VC72_66.5,0.0
HC03_VC72_66.6,-0.0
HC03_VC72_66.8,-0.0
HC03_VC72_66.9,-1769.6381425477912
HC03_VC72_67.1,-30.6693291857372
HC03_VC72_67.3,0.0
HC03_VC72_67.4,-35.33916391988165
HC03_VC72_67.6,0.0
HC03_VC72_67.7,0.0
HC03_VC72_67.9,-578.5476809478166
HC03_VC72_68,632.1258541777948
HC03_VC72_68.1,-0.0
HC03_VC72_68.2,-0.0
HC03_VC72_68.3,-0.0
HC03_VC72_68.4,2434.2744659692053
HC03_VC72_68.5,-0.0
HC03_VC72_68.8,0.0
HC03_VC72_69,-1958.4860577394727
HC03_VC72_69.1,-0.0
HC03_VC72_69.2,-1307.548993411937
HC03_VC72_69.3,-0.0
HC03_VC72_69.5,1142.9794408584953
HC03_VC72_69.6,-0.0
HC03_VC72_69.7,-0.0
HC03_VC72_69.8,-0.0
HC03_VC72_69.9,-16.025667723793735
HC03_VC72_70,-60.00433383840574
HC03_VC72_70.1,-0.0
HC03_VC72_70.2,-20.097772646857848
HC03_VC72_70.3,0.0
HC03_VC72_70.5,-0.0
HC03_VC72_70.6,-0.0
HC03_VC72_71,0.0
HC03_VC72_71.2,0.0
HC03_VC72_71.3,-0.0
HC03_VC72_71.4,-104.84791588916774
HC03_VC72_71.5,-0.0
HC03_VC72_71.6,-0.0
HC03_VC72_71.8,979.5136873895395
HC03_VC72_72,-0.0
HC03_VC72_72.1,0.0
HC03_VC72_72.2,3.8903097122395014
HC03_VC72_72.3,-15.918568389436308
HC03_VC72_72.5,0.0
HC03_VC72_72.6,0.0
HC03_VC72_72.7,-1.2442014628703015
HC03_VC72_72.8,0.0
HC03_VC72_72.9,-1088.578592850429
HC03_VC72_73,0.0
HC03_VC72_73.1,0.0
HC03_VC72_73.2,77.21271185326536
HC03_VC72_73.3,0.0
HC03_VC72_73.4,-282.9669075723284
HC03_VC72_73.5,-0.0
HC03_VC72_73.7,2.9886019309399807
HC03_VC72_73.8,0.0
HC03_VC72_73.9,-0.0
HC03_VC72_74,-0.0
HC03_VC72_74.1,-16.119866747356234
HC03_VC72_74.3,1924.4758420009061
HC03_VC72_74.6,-0.0
HC03_VC72_74.8,-187.9207852516238
HC03_VC72_74.9,-0.0
HC03_VC72_75,-0.0
HC03_VC72_75.1,-0.0
HC03_VC72_75.2,494.4492271469655
HC03_VC72_75.3,-0.0
HC03_VC72_75.4,0.0
HC03_VC72_75.6,0.0
HC03_VC72_75.7,-0.0
HC03_VC72_75.8,-4376.544300146934
HC03_VC72_75.9,-0.0
HC03_VC72_76,1619.944733370145
HC03_VC72_76.1,93.97465410832243
HC03_VC72_76.2,195.0802113533099
HC03_VC72_76.3,-0.0
HC03_VC72_76.5,-1437.565060471819
HC03_VC72_76.6,442.59210006990924
HC03_VC72_76.7,0.0
HC03_VC72_76.8,-0.0
HC03_VC72_76.9,0.0
HC03_VC72_77,-124.43458054092459
HC03_VC72_77.1,0.0
HC03_VC72_77.2,225.4810642208828
HC03_VC72_77.3,-22.898322972817972
HC03_VC72_77.4,0.0
HC03_VC72_77.7,-1194.1587771546679
HC03_VC72_77.8,0.0
HC03_VC72_77.9,1.0507693025498899
HC03_VC72_78,0.0
HC03_VC72_78.1,-0.0
HC03_VC72_78.2,0.0
HC03_VC72_78.4,-0.0
HC03_VC72_78.5,-0.0
HC03_VC72_78.6,0.0
HC03_VC72_78.7,-0.0
HC03_VC72_78.8,0.0
HC03_VC72_78.9,-0.0
HC03_VC72_79,0.0
HC03_VC72_79.1,-0.0
HC03_VC72_79.2,-361.2205469833181
HC03_VC72_79.3,-0.0
HC03_VC72_79.4,0.0
HC03_VC72_79.6,0.0
HC03_VC72_79.7,0.0
HC03_VC72_79.8,-37.17161189840622
HC03_VC72_79.9,0.0
HC03_VC72_80,-0.0
HC03_VC72_80.2,454.6861896528273
HC03_VC72_80.3,4165.238559428987
HC03_VC72_80.4,0.0
HC03_VC72_80.5,-0.0
HC03_VC72_80.6,-1616.4524441341089
HC03_VC72_80.7,0.0
HC03_VC72_81,-0.0
HC03_VC72_81.2,-0.0
HC03_VC72_81.5,-0.0
HC03_VC72_81.6,0.0
HC03_VC72_81.7,-0.0
HC03_VC72_81.8,-521.4251705565326
HC03_VC72_82,-545.9736019492674
HC03_VC72_82.1,745.8609151795484
HC03_VC72_82.2,-832.7509384250598
HC03_VC72_82.3,0.0
HC03_VC72_82.4,1717.1464664502084
HC03_VC72_82.7,-0.0
HC03_VC72_82.8,-0.0
HC03_VC72_82.9,0.0
HC03_VC72_83,0.0
HC03_VC72_83.1,-0.0
HC03_VC72_83.2,0.0
HC03_VC72_83.3,474.6558369854859
HC03_VC72_83.4,-0.0
HC03_VC72_83.5,-0.0
HC03_VC72_83.6,-3.962356965845276
HC03_VC72_83.7,-0.0
HC03_VC72_83.8,0.0
HC03_VC72_84.2,1406.8253895893129
HC03_VC72_84.5,-90.99510358671726
HC03_VC72_84.6,0.0
HC03_VC72_84.8,-0.0
HC03_VC72_85.1,-0.0
HC03_VC72_85.2,83.78833925812168
HC03_VC72_85.4,0.0
HC03_VC72_85.5,-9.279174600577484
HC03_VC72_85.6,0.0
HC03_VC72_85.7,-60.85603518596383
HC03_VC72_85.8,-413.7847398601508
HC03_VC72_85.9,-0.0
HC03_VC72_86,229.21287446834046
HC03_VC72_86.3,0.0
HC03_VC72_86.4,-18.935307010438272
HC03_VC72_86.5,0.0
HC03_VC72_87.1,2255.66968549766
HC03_VC72_87.3,0.0
HC03_VC72_87.4,0.0
HC03_VC72_87.5,-0.0
HC03_VC72_87.6,-0.0
HC03_VC72_87.7,-76.84374360937316
HC03_VC72_88.1,0.0
HC03_VC72_88.5,-0.0
HC03_VC72_88.7,-98.81385016914113
HC03_VC72_88.8,-9.48985830081799
HC03_VC72_88.9,318.0899941226349
HC03_VC72_89.2,-144.51332799449006
HC03_VC72_89.3,-0.0
HC03_VC72_89.6,0.0
HC03_VC72_89.8,-0.0
HC03_VC72_89.9,0.0
HC03_VC72_90,0.0
HC03_VC72_90.3,72.21982945582349
HC03_VC72_90.5,-0.0
HC03_VC72_91.2,0.0
HC03_VC72_91.6,511.68785586186345
HC03_VC72_91.7,0.0
HC03_VC72_92,0.0
HC03_VC72_92.2,0.0
HC03_VC72_92.4,0.0
HC03_VC72_92.6,-0.0
HC03_VC72_93.4,234.50611556350313
HC03_VC72_93.7,0.0
HC03_VC72_93.8,-0.0
HC03_VC72_93.9,-0.0
HC03_VC72_94.1,0.0
HC03_VC72_94.3,-0.0
HC03_VC72_94.4,-0.0
HC03_VC72_94.8,0.0
HC03_VC72_95.4,0.0
HC03_VC72_95.7,21.244125148179524
HC03_VC72_95.8,-0.0
HC03_VC72_96.1,0.0
HC03_VC72_96.2,-0.0
HC03_VC72_96.9,0.0
HC03_VC72_97,-0.0
HC03_VC72_97.3,0.0
HC03_VC72_99.1,0.0
HC03_VC150_-,31.60007145675219
HC03_VC150_0,-323.683791260797
HC03_VC150_0.1,0.0
HC03_VC150_0.2,-127.62598065430774
HC03_VC150_0.4,0.0
HC03_VC150_0.6,-5.166485422917321
HC03_VC150_0.9,0.0
HC03_VC150_1,0.0
HC03_VC150_1.1,-0.0
HC03_VC150_1.2,0.0
HC03_VC150_1.3,-0.0
HC03_VC150_1.4,0.0
HC03_VC150_1.5,797.8976391008024
HC03_VC150_1.6,-39.714862961071866
HC03_VC150_1.7,0.0
HC03_VC150_1.8,-0.0
HC03_VC150_1.9,-2757.904984522608
HC03_VC150_10.1,-83.6179355597184
HC03_VC150_10.3,1251.9253987633463
HC03_VC150_10.4,0.0
HC03_VC150_10.8,-0.0
HC03_VC150_11.2,0.0
HC03_VC150_12,145.4444773531903
HC03_VC150_12.5,0.0
HC03_VC150_12.9,-350.1112368810933
HC03_VC150_13.6,0.0
HC03_VC150_13.7,-0.0
HC03_VC150_14.2,-862.5079606536233
HC03_VC150_14.5,0.0
HC03_VC150_15,-0.0
HC03_VC150_16.1,0.0
HC03_VC150_16.7,0.0
HC03_VC150_18.5,-44.798087194560686
HC03_VC150_18.8,0.0
HC03_VC150_18.9,0.0
HC03_VC150_2,92.80071188739844
HC03_VC150_2.1,-142.1751386654969
HC03_VC150_2.2,-0.0
HC03_VC150_2.4,0.0
HC03_VC150_2.5,0.0
HC03_VC150_2.6,-0.0
HC03_VC150_2.7,960.9086436261221
HC03_VC150_2.8,-848.3442299948395
HC03_VC150_2.9,0.0
HC03_VC150_20.9,0.0
HC03_VC150_21.8,3257.172518536887
HC03_VC150_22.6,-0.0
HC03_VC150_23.7,-0.0
HC03_VC150_24.2,-0.0
HC03_VC150_27.8,-29.528554125423973
HC03_VC150_28.8,-0.0
HC03_VC150_3,10.866775616331738
HC03_VC150_3.1,3567.0365856186404
HC03_VC150_3.2,0.0
HC03_VC150_3.3,-1306.9157919278332
HC03_VC150_3.4,-216.1947421479504
HC03_VC150_3.5,0.0
HC03_VC150_3.6,-0.0
HC03_VC150_3.7,860.1631070843249
HC03_VC150_3.8,-306.6293627063436
HC03_VC150_3.9,-256.8163542094087
HC03_VC150_39.4,-0.0
HC03_VC150_4,-824.3130744512371
HC03_VC150_4.1,1928.3829306202624
HC03_VC150_4.2,-963.7254275477504
HC03_VC150_4.3,-0.0
HC03_VC150_4.4,-1133.8042014649395
HC03_VC150_4.5,29.444488379245865
HC03_VC150_4.7,0.0
HC03_VC150_4.8,-1428.8708038147738
HC03_VC150_40,-0.0
HC03_VC150_48.8,0.0
HC03_VC150_5,-0.0
HC03_VC150_5.1,695.904605110709
HC03_VC150_5.2,-746.9660762197178
HC03_VC150_5.3,9778.8829764715
HC03_VC150_5.4,-0.0
HC03_VC150_5.5,-3.4652949454503417
HC03_VC150_5.6,-94.23683376230827
HC03_VC150_5.7,-0.0
HC03_VC150_5.8,43.28960707756315
HC03_VC150_5.9,1452.2674746705804
HC03_VC150_50,0.0
HC03_VC150_57,-0.0
HC03_VC150_6,0.0
HC03_VC150_6.1,-0.0
HC03_VC150_6.2,50.67766052155245
HC03_VC150_6.3,650.2058010950965
HC03_VC150_6.4,0.0
HC03_VC150_6.6,0.0
HC03_VC150_6.7,37.724021850488846
HC03_VC150_66.7,35.84242678730231
HC03_VC150_7,-0.0
HC03_VC150_7.2,0.0
HC03_VC150_7.3,0.0
HC03_VC150_7.7,48.48173245600119
HC03_VC150_7.8,0.0
HC03_VC150_7.9,-60.86372896945467
HC03_VC150_8,0.0
HC03_VC150_8.3,0.0
HC03_VC150_8.6,36.554012105388516
HC03_VC150_8.8,-305.2639019443344
HC03_VC150_8.9,0.0
HC03_VC150_9.1,0.0
HC03_VC150_9.2,-121.86126759711156
HC03_VC150_9.6,-0.0
HC03_VC151_-,71.85941376656875
HC03_VC151_100,-0.646451627176209
HC03_VC151_33.3,39.304795206474914
HC03_VC151_43,-0.0
HC03_VC151_50,0.0
HC03_VC151_51.2,0.0
HC03_VC151_60,-0.0
HC03_VC151_60.6,-0.0
HC03_VC151_71.2,-0.0
HC03_VC151_72.2,-2.2915407559693475
HC03_VC151_75.8,-0.0
HC03_VC151_76.3,-0.0
HC03_VC151_77.4,-0.0
HC03_VC151_78.2,75.80187995911105
HC03_VC151_79.1,0.0
HC03_VC151_81.1,0.0
HC03_VC151_81.2,0.0
HC03_VC151_81.5,-0.25284913777324586
HC03_VC151_83.3,0.0
HC03_VC151_83.9,0.0
HC03_VC151_85,-0.0
HC03_VC151_85.5,0.0
HC03_VC151_85.8,-0.26026451489163316
HC03_VC151_86.3,-0.0
HC03_VC151_86.4,0.0
HC03_VC151_87.1,-0.3077261946862913
HC03_VC151_87.5,0.0
HC03_VC151_88,10.399775794923242
HC03_VC151_88.8,0.0
HC03_VC151_89.2,-0.0
HC03_VC151_89.6,0.0
HC03_VC151_89.7,117.26166230629944
HC03_VC151_89.9,-0.5281506881298829
HC03_VC151_90.4,-0.0
HC03_VC151_90.8,-1.543202199069944
HC03_VC151_90.9,0.0
HC03_VC151_91.1,0.0
HC03_VC151_91.2,-2.0591357623711994
HC03_VC151_91.4,38.36457960990719
HC03_VC151_91.7,0.0
HC03_VC151_92,0.0
HC03_VC151_92.1,-1.1478822738092058
HC03_VC151_92.2,0.0
HC03_VC151_92.3,40.66001922514028
HC03_VC151_92.7,0.0
HC03_VC151_92.8,0.0
HC03_VC151_93,-0.0
HC03_VC151_93.3,40.936620914863134
HC03_VC151_93.4,0.0
HC03_VC151_93.6,0.0
HC03_VC151_93.7,41.20428643368211
HC03_VC151_93.8,0.7154379501150977
HC03_VC151_93.9,-0.0
HC03_VC151_94,0.0
HC03_VC151_94.1,43.16626619730178
HC03_VC151_94.2,51.27423584218218
HC03_VC151_94.3,-0.0
HC03_VC151_94.4,-0.0
HC03_VC151_94.5,-0.0
HC03_VC151_94.6,-0.0
HC03_VC151_94.7,57.60472870503069
HC03_VC151_94.8,-0.0
HC03_VC151_94.9,81.03677764096213
HC03_VC151_95,-0.0
HC03_VC151_95.2,-0.0
HC03_VC151_95.3,0.0
HC03_VC151_95.5,69.33736530170358
HC03_VC151_95.6,-0.027300659833110093
HC03_VC151_95.7,-0.0
HC03_VC151_95.8,-1.5763933948221607
HC03_VC151_95.9,65.91582821979333
HC03_VC151_96,-2.962868619458185
HC03_VC151_96.1,-2.460564919484508
HC03_VC151_96.2,-3.6163863900572966
HC03_VC151_96.3,66.9642969403612
HC03_VC151_96.4,-0.0
HC03_VC151_96.5,0.0
HC03_VC151_96.6,-3.4983348277611226
HC03_VC151_96.7,-4.505970998488902
HC03_VC151_96.8,0.0
HC03_VC151_96.9,70.80150613135233
HC03_VC151_97,81.72313770450548
HC03_VC151_97.1,0.0
HC03_VC151_97.2,-1.4798716298118109
HC03_VC151_97.3,34.69108517379418
HC03_VC151_97.4,-0.0
HC03_VC151_97.5,0.0
HC03_VC151_97.6,0.0
HC03_VC151_97.8,-0.0
HC03_VC151_97.9,-0.21956332542643986
HC03_VC151_98,8.451287293800844
HC03_VC151_98.1,-0.6093261635275435
HC03_VC151_98.2,-0.0
HC03_VC151_98.3,0.0
HC03_VC151_98.4,-0.5676779294211511
HC03_VC151_98.5,129.66626557170892
HC03_VC151_98.6,7.6171682169267605
HC03_VC151_98.7,-0.0
HC03_VC151_98.8,0.0
HC03_VC151_98.9,-0.0
HC03_VC151_99,0.0
HC03_VC151_99.1,0.0
HC03_VC151_99.4,-1.3810689229286475
HC03_VC151_99.6,0.0
HC03_VC151_99.8,-2.1981746855838478
HC03_VC151_99.9,95.28730188105298
